기관명,제목,URL,게시일,키워드,본문매칭
(재)한국보건의료정보원,한국보건의료정보원 공공데이터 이용 및 신규 개방 수요 설문조사 안내,https://www.khis.kr/board.es?mid=a10301000000&bid=0001&act=view&list_no=2669&tag=&nPage=1,2026-09-10,설문조사,True
국립생태원,국민참여,https://www.nie.re.kr/nie/bbs/BMSR00035/list.do?menuNo=200207,,"설문조사,시민참여,국민참여",True
국립생태원,국립생태원(NIE) 시민참여,https://www.nie.re.kr/nie/main/contents.do?menuNo=200339,,"설문조사,시민참여,국민참여",True
국립생태원,NIE 시민참여사업 소개,https://www.nie.re.kr/nie/main/contents.do?menuNo=200341,,"설문조사,시민참여,국민참여",True
국립생태원,NIE 시민참여매뉴얼,https://www.nie.re.kr/nie/main/contents.do?menuNo=200340,,"설문조사,시민참여,국민참여",True
국방기술품질원,국민참여,https://www.dtaq.re.kr/ko/ask/ask_info.jsp,,국민참여,True
독립기념관,설문조사 참여,https://i815.or.kr/2018/participate/survey.do;jsessionid=36BAEE2F8AFEA14D0955A8DEEAC71054,,설문조사,True
대한적십자사,설문조사,https://www.redcross.or.kr/main/qr/qrspns/selectSrvyQrspnsList.do?mi=2384,,설문조사,True
산업연구원,산업연구원 대국민 연구수요조사(2026년 제2차) 2026-09-08,https://www.kiet.re.kr/communicate/ntcView?ntc_no=10735&skey=&sval=&pg=1&pp=10,2026-09-08,설문조사,True
신용보증기금,국민참여/공모,https://www.kodit.or.kr/kodit/na/ntt/selectNttList.do?mi=2606&bbsId=429,,국민참여,True
울산항만공사,국민참여,https://www.upa.or.kr/portal/board/post/list.do?bcIdx=676&mid=0601000000&token=1790602132696,2026-09-28,국민참여,True
재단법인 한국장기조직기증원,본문 바로가기,https://www.koda1458.kr/communication/participation/events#home,2026-09-18,설문조사,True
재단법인 한국장기조직기증원,[이벤트] 2026년 생명나눔 희망의씨앗 캠페인 대국민 설문조사 이벤트,https://www.koda1458.kr/communication/participation/events/HEW0NYtJ0i7K63EzkXDVClB0Jx4m9xpVVGFRlQcfhD0,2026-09-02,설문조사,True
한국과학기술기획평가원,국민참여,https://www.kistep.re.kr/menu.es?mid=a10706010000,,국민참여,True
주택도시보증공사,설문조사,https://www.khug.or.kr/hug/web/cs/sv/cssv000001.jsp,,설문조사,True
한국개발연구원,"공지사항 왓츠업 뉴스레터 82호가 도착했습니다! 소득 불평등은 줄었는데, 왜 다들 더 불공평하다고 느낄까요? 지금 왓츠업 뉴스레터에서 확인해 보세요! 2026.09.17",https://www.kdi.re.kr/share/newsletter?vno=83,2026-09-17,설문조사,True
한국교통연구원,설문조사 2026 KOTI 연구원 홈페이지 사용자 만족도 조사 이벤트 2026.09.22,https://www.koti.re.kr/user/bbs/noticeView.do?bbs_no=74597,2026-09-22,설문조사,True
한국농업기술진흥원,+ 사전정보공표 국민참여방,https://www.koat.or.kr/openInfo/nation/list.do,,국민참여,True
한국등산·트레킹지원센터,[한국등산트레킹지원센터] 2026년 공공데이터 대국민 설문조사,https://komount.or.kr/board/view.do?boardCode=B01&selectedId=2166&pageIndex=1,2026-09-07,설문조사,True
한국방송통신전파진흥원,설문조사,https://www.kca.kr/contentsView.do?pageId=www158,,"설문조사,국민참여",True
한국방송통신전파진흥원,국민참여,https://www.kca.kr/contentsView.do?pageId=www56,,"설문조사,국민참여",True
한국석유공사,국민참여,https://www.knoc.co.kr/sub05/sub05_5_5.jsp,2026-09-21,국민참여,True
한국서부발전(주),설문조사,https://www.iwest.co.kr/iwest/1258/subview.do,,설문조사,True
한국어촌어항공단,국민참여 모니터링 안내,https://www.fipa.or.kr/fipa/cntnts/i-179/web.do,,국민참여,True
한국영상자료원,본문 바로가기,https://www.koreafilm.or.kr/kofa/news/notice#contents,2026-09-18,설문조사,True
한국영유아보육·교육진흥원,국민참여 홍보 모니터링,https://www.kicece.or.kr/kcpi/community/prmonitoringIntro.do,,"설문조사,국민참여",True
한국의료분쟁조정중재원,[안내] 2026년 공공데이터 대국민 의견수렴 및 설문조사 시행,https://www.k-medi.or.kr/web/lay1/bbs/S1T13C18/A/1/view.do?article_seq=14953&cpage=1&rows=10&condition=&keyword=,2026-09-09,설문조사,True
한국자산관리공사,국민참여,https://www.kamco.or.kr/portal/contents.do?mId=0501010000,,"설문조사,국민참여",True
한국조세재정연구원,설문조사,https://www.kipf.re.kr/kor/Customer/Survey/kipoll/list.do;jsessionid=AACF1B0414F69FE3DA7C597A8F52C8F4,,설문조사,True
한국저작권위원회,설문조사,https://www.copyright.or.kr/customer-center/survey/list.do,,설문조사,True
한국원자력환경공단,본문 바로가기,https://www.korad.or.kr/korad/board/index.do?menu_idx=54&manage_idx=22#sub-doc,2026-09-17,"설문조사,국민참여",True
한국원자력환경공단,국민참여,https://www.korad.or.kr/korad/html.do?menu_idx=267,,국민참여,True
한국체육산업개발(주),국민참여,https://www.ksponco.or.kr:443/policyProposal?mid=a10201010000,2026-09-20,국민참여,True
한국토지주택공사,국민참여 혁신안 제출,https://www.lh.or.kr/ssm/comm/accountCustomer.do?mid=a10812000000,,국민참여,True
한국해양진흥공사,국민참여,https://www.kobc.or.kr:443/ebz/kor/contents.do?mId=0506010000,2026-09-28,"설문조사,국민참여",True
한국해양진흥공사,국민참여 바다,https://www.kobc.or.kr:443/ebz/kor/bbs/list.do?ptIdx=241&mId=0505010000&token=1790602209690,2026-09-28,"설문조사,국민참여",True
한국해양진흥공사,국민참여 바다,https://www.kobc.or.kr:443/ebz/kor/bbs/list.do?ptIdx=241&mId=0505010000&token=1790602210873,2026-09-28,"설문조사,국민참여",True
한국해양진흥공사,설문조사,https://www.kobc.or.kr:443/ebz/kor/poll/list.do?mId=0505020000&token=1790602211819,2026-09-28,"설문조사,국민참여",True
해양환경공단,국민참여,https://www.koem.or.kr/site/koem/ex/board/List.do?cbIdx=275,2026-09-22,국민참여,True
한국주택금융공사,국민참여,https://www.hf.go.kr/ko/sub04/sub04_08.do,2026-09-18,"설문조사,국민참여",True
한국주택금융공사,적극행정 국민참여,https://www.hf.go.kr/ko/sub04/sub04_01_05.do,,"설문조사,국민참여",True
