기관명,게시판URL,게시판확인,게시물확인,매칭건수,오류
(재)한국통계정보원,https://www.kosii.or.kr/kosii/dc/pstmng/dcNtcPstMngView.do?menuCd=DC0501000000&bbsId=BBS00000000000000045,성공,15,0,
(사)남북교류협력지원협회,https://sonosa.or.kr/?menuno=12,성공,45,0,
(재)한국통계진흥원,https://www.stat.or.kr/community/news.php?admin_mode=read&amp;no=77&amp;make=&amp;search=&amp;notice_type=&amp;page=1,성공,46,0,
(주)강원랜드,https://kangwonland.high1.com/kangwonland/selectBbsNttList.do?bbsNo=8&key=86,성공,120,0,
(재)예술경영지원센터,https://www.gokams.or.kr:443/01_news/notice_list.aspx,성공,70,0,
(재)축산환경관리원,https://www.lemi.or.kr/board.do?boardno=24&menuno=71,성공,91,0,
(주)공영홈쇼핑,https://www.gongyoung.kr/bbsList.do,성공,0,0,
(재)일제강제동원피해자지원재단,https://www.fomo.or.kr/kor/article/ATCL8a5c4c5fb/1221?mno=&pageIndex=1&searchCondition=&searchKeyword=,성공,102,0,
(재)한국보건의료정보원,https://www.khis.kr/board.es?mid=a10301000000&bid=0001,성공,96,1,
(재)우체국물류지원단,https://www.pola.or.kr/web/cop/bbs/selectBoardList.do?pageIndex=1&searchCnd=&searchWrd=&bbsId=BBSMSTR_000000000018&nttId=11103,성공,70,0,
(재)우체국금융개발원,https://www.posid.or.kr/business/realname_list.do,성공,120,0,
88관광개발(주),https://www.88countryclub.co.kr/Board/BoardList.aspx?cfgid=notice,성공,70,0,
가축위생방역지원본부,https://www.lhca.or.kr/business/front/notice/noticeList.do?boardId=notice,실패,0,0,"SSLError: HTTPSConnectionPool(host='www.lhca.or.kr', port=443): Max retries exceeded with url: /business/front/notice/noticeList.do?boardId=notice (Caused by SSLError(SSLCertVerificationError(1, '[SSL: CERTIFICATE_VERIFY_FAILED] certificate verify failed: unable to get local issuer certificate (_ssl.c:1016)')))"
강원대학교치과병원,https://www.knudh.or.kr/contents.asp?page=42,실패,0,0,"SSLError: HTTPSConnectionPool(host='www.knudh.or.kr', port=443): Max retries exceeded with url: /contents.asp?page=42 (Caused by SSLError(SSLCertVerificationError(1, '[SSL: CERTIFICATE_VERIFY_FAILED] certificate verify failed: unable to get local issuer certificate (_ssl.c:1016)')))"
가덕도신공항건설공단,https://www.g-airport.or.kr/kor/bbsctt/list.do?key=2409020035,성공,39,0,
게임물관리위원회,https://www.grac.or.kr/board/Inform.aspx,성공,98,0,
건설근로자공제회,https://www.cw.or.kr/board.do?boardConfigNo=29&menuNo=266&action=view&boardNo=34214,성공,28,0,
경북대학교치과병원,https://www.knudh.kr/index.php,성공,103,0,
건강보험심사평가원,https://www.hira.or.kr/bbsDummy.do?pgmid=HIRAA020002000100&WT.gnb=%EA%B3%B5%EC%A7%80%EC%82%AC%ED%95%AD,성공,120,0,
경북대학교병원,https://knuh.kr/index.asp,성공,120,0,
건축공간연구원,https://www.auri.re.kr/board.es?mid=a10401010000&bid=0001,성공,118,0,
강원대학교병원,https://www.knuh.or.kr/healthinfor/healthinfor_02_list.asp,성공,1,0,
경제인문사회연구회,https://www.nrc.re.kr/board.es?mid=a12101000000&bid=0001,성공,92,0,
공간정보산업진흥원,http://www.spacen.or.kr/ntct_yard/ntct_yard_select.do?txtMenu=01,성공,36,0,
(재)한국우편사업진흥원,https://www.posa.or.kr/portal/bbs/B0000008/list.do?menuNo=200157,성공,120,0,
과학기술정책연구원,https://www.stepi.re.kr/site/stepiko/ex/bbs/subJectList.do?cbIdx=1227,성공,95,0,
공무원연금공단,https://www.geps.or.kr/main,성공,120,0,
국가생명윤리정책원,https://nibp.kr/board/notice,성공,18,0,
국가과학기술인력개발원,https://www.kird.re.kr/notificationSpace/notice,성공,56,0,
과학기술사업화진흥원,https://www.compa.re.kr/cop/bbs/rnw/selectBoardList.do?bbsId=BBSMSTR_AAAAAAAAAAAA&goMenuNo=1231000,성공,3,0,
공간정보품질관리원,https://www.siqms.or.kr/M2001000/board.do,성공,69,0,
국가아동권리보장원,https://www.ncrc.or.kr/ncrc/na/ntt/selectNttList.do?mi=1053&bbsId=1021,성공,99,0,
국가수리과학연구소,https://www.nims.re.kr/promote/post/news,성공,71,0,
국가평생교육진흥원,https://www.nile.or.kr/index.do?lang=en,성공,31,0,
국립공원공단,https://www.knps.or.kr/front/portal/open/pnewsList.do?pnewsGrpCd=BBS01&menuNo=7020013,성공,120,0,
국가유산진흥원,https://www.kh.or.kr/brd/board/684/L/CATEGORY/686/menu/291?brdCodeField=CATEGORY&brdCodeValue=686,성공,120,0,
(재)우체국시설관리단,https://www.poma.or.kr/poma/notice.do?mode=view&articleNo=964,실패,0,0,"ConnectionError: HTTPSConnectionPool(host='www.poma.or.kr', port=443): Max retries exceeded with url: /poma/notice.do?mode=view&articleNo=964 (Caused by NameResolutionError(""HTTPSConnection(host='www.poma.or.kr', port=443): Failed to resolve 'www.poma.or.kr' ([Errno -3] Temporary failure in name resolution)""))"
국립부산과학관,https://www.sciport.or.kr/kor/CMS/Board/Board.do?mCode=MN044&searchCategory=001,실패,0,0,"SSLError: HTTPSConnectionPool(host='www.sciport.or.kr', port=443): Max retries exceeded with url: /kor/CMS/Board/Board.do?mCode=MN044&searchCategory=001 (Caused by SSLError(SSLCertVerificationError(1, '[SSL: CERTIFICATE_VERIFY_FAILED] certificate verify failed: unable to get local issuer certificate (_ssl.c:1016)')))"
국립낙동강생물자원관,https://www.nnibr.re.kr/index.do?menu_id=00000342&servletPath=%2Findex.do,성공,120,0,
국립인천해양박물관,https://www.inmm.or.kr/doc/ko/selectDocList.do?menuSeq=3598&bbsSeq=153,성공,69,0,
(주)한국가스기술공사,https://kogas-tech.or.kr/kor/board.do?menuIdx=213,실패,0,0,"ConnectionError: HTTPSConnectionPool(host='kogas-tech.or.kr', port=443): Max retries exceeded with url: /kor/board.do?menuIdx=213 (Caused by NameResolutionError(""HTTPSConnection(host='kogas-tech.or.kr', port=443): Failed to resolve 'kogas-tech.or.kr' ([Errno -3] Temporary failure in name resolution)""))"
국립울진해양과학관,https://www.kosm.or.kr/kosm/bbs/board.do?bbsId=BSD0001,성공,50,0,
국립아시아문화전당재단,https://www.accf.or.kr/main/board/notice,성공,69,0,
국립암센터,https://ncc.re.kr/boardView.ncc?uri=notice07&ntcId=7471&searchKey=total&searchValue=&pageNum=1,성공,120,0,
국립농업박물관,https://namuk.or.kr/kr/1332/subview.do?enc=Zm5jdDF8QEB8JTJGYmJzJTJGa3IlMkY5NSUyRmFydGNsTGlzdC5kbyUzRg%3D%3D,성공,87,0,
국립박물관문화재단,https://www.nmf.or.kr/user/board/20180830162104393100_list.do,성공,87,0,
국립해양박물관,https://www.mmk.or.kr/?folder=bbs&page=view&board_id=notice&idx=20421,성공,120,0,
국립호남권생물자원관,https://www.hnibr.re.kr/ko/M000000478/bbs/list,성공,11,0,
국립해양생물자원관,https://www.mabik.re.kr/prog/speclDspy/kor/sub01_07_01/01/list.do,성공,120,0,
국립생태원,https://www.nie.re.kr/nie/pgm/achieve/thesisList.do?menuNo=200063,성공,120,4,
국민건강보험공단 일산병원,https://www.nhimc.or.kr/board/commBoardNoticeView.do?no=12079,성공,120,0,
국방과학연구소,https://www.add.re.kr/board?menuId=MENU02198&siteId=SITE00002,성공,55,0,
국립항공박물관,https://www.aviation.or.kr/index.do,성공,66,0,
국민연금공단,https://www.nps.or.kr/pnsgdnc/nscvrgdata/getOHAE0002M0List.do?menuId=MN24000898,성공,52,0,
국방전직교육원,https://www.moti.or.kr/main/cs/notice?viewSize=10&page=1&SearchType=Title&SearchValue=,실패,0,0,HTTPError: 400 Client Error: Bad Request for url: https://www.moti.or.kr/main/cs/notice?viewSize=10&page=1&SearchType=Title&SearchValue=
국방기술품질원,https://www.dtaq.re.kr/ko/notice/notice.jsp,성공,71,1,
KDI국제정책대학원,https://www.kdischool.ac.kr/news/,성공,69,0,
국립중앙의료원,https://www.nmc.or.kr/nmc/medicalDept/deptList,성공,120,0,
국악방송,https://new.igbf.kr/,성공,118,0,
국토교통과학기술진흥원,https://www.kaia.re.kr/portal/bbs/list/B0000006.do?menuNo=200108,성공,120,0,
국민건강보험공단,https://www.nhis.or.kr/nhis/together/wbhaea01000m01.do,성공,120,0,
국토연구원,https://www.krihs.re.kr/krihsLibraryArticle/articleList.es?mid=a10103010000&pub_kind=1,성공,120,0,
국제식물검역인증원,https://www.ipab.or.kr/kor/CMS/Board/Board.do?mCode=MN041,성공,120,0,
근로복지공단,https://www.comwel.or.kr/comwel/noti/noti.jsp,실패,0,0,HTTPError: 400 Client Error: Bad Request for url: https://www.comwel.or.kr/comwel/noti/noti.jsp
그랜드코리아레저(주),https://www.grandkorea.com/NOTI_01/default?TMENUID=US_INTR&SMENUID=US_INTR_06&MMENUID=US_INTR_06_01&sel_lang_typ=KR,성공,9,0,
국립광주과학관,https://www.sciencecenter.or.kr/kor/menu/sub.do?menuId=20_64,성공,120,0,
극지연구소,https://www.kopri.re.kr/_prog/bbs/?mode=V&site_dvs_cd=kopri&menu_dvs_cd=0402&code=0502&no=e1810153ce6b2b855717f743c6fc4616&GotoPage=1,성공,116,0,
기초과학연구원,https://ibs.re.kr/cop/bbs/BBSMSTR_000000001033/selectBoardList.do,성공,120,0,
농림식품기술기획평가원,https://www.ipet.re.kr/Gov30/NoticePrvInfoCateLV.asp,성공,120,0,
농림수산식품교육문화정보원,https://www.epis.or.kr/bbs/list.do?key=2604210075,성공,108,0,
노사발전재단,https://www.nosa.or.kr/portal/nosa/FoundNews/bizNotice,성공,109,0,
농업정책보험금융원,https://www.apfs.kr/front/board/boardContentsListPage.do?boardId=20093&menuId=5491,성공,120,0,
대구경북첨단의료산업진흥재단,https://www.kmedihub.re.kr/index.do?menu_id=00000063,성공,105,0,
대한무역투자진흥공사,https://www.kotra.or.kr/module/stplatLog/selectPolicyLogList.do?stplatSeq=2000002299,성공,107,0,
국가철도공단,https://www.kr.or.kr/boardCnts/list.do?boardID=51,실패,0,0,"ConnectTimeout: HTTPSConnectionPool(host='www.kr.or.kr', port=443): Max retries exceeded with url: /boardCnts/list.do?boardID=51 (Caused by ConnectTimeoutError(<HTTPSConnection(host='www.kr.or.kr', port=443) at 0x7f6ea098e790>, 'Connection to www.kr.or.kr timed out. (connect timeout=10)'))"
대한석탄공사,https://www.kocoal.or.kr/board/board_list.php?board_name=kocoalnews,성공,106,0,
대외경제정책연구원,https://www.kiep.go.kr/board.es?mid=a10501000000&bid=0023,성공,120,0,
무역안보관리원,https://www.kosti.or.kr/brd/board/598/L/menu/599,성공,55,0,
동북아역사재단,https://www.nahf.or.kr/web/portal/bbs/1978/list,성공,116,0,
부산항만공사,https://bpawebzine.com/all_webzine,성공,71,0,
동남권원자력의학원,https://www.dirams.re.kr/notice/list,성공,1,0,
독립기념관,https://i815.or.kr/2018/eventApply/eventList.do;jsessionid=79A3830143781825F33647CD35560C2E,성공,120,1,
부산대학교병원,http://www.pnuh.or.kr/pnuh/hospital/forum/notice.do,성공,120,0,
민주화운동기념사업회,https://www.kdemo.or.kr/board/ntc/ntcListPage.do?id=1,성공,61,0,
국방기술진흥연구소,https://krit.re.kr/krit/bbs/notice_list.do?gotoMenuNo=05010000,성공,34,0,
대한적십자사,https://www.redcross.or.kr/main/pt/pst/selectPstList.do?mi=2524&bbsId=1513,성공,120,1,
북한이탈주민지원재단,https://www.koreahana.or.kr/home/kor/board.do?ptSignature=QnrvtOekxiPklgsn74dfsVImuOs9UWjtpcaT8fVlehAwAepQkbpDWGDxRw1klX8L7qxnZKKO6VZcig5ATzYesrixIK3zR1TIsCMzmWtvT96xFOsOJSIVpa9ruhH8s7X3wh4%2FAzAb%2BZhRnO2qsbjWFPv5kW7Z7%2Bt04ZfcSN6EpHjxiQOD2oC9%2BI5gDYoZws0M5dSD2XA9u3tdIG0iZFACnNumW04UOh18nqcCl0TMOXMtHAwX3D5RAkVYU2BkR%2FXGCSxkyedb083MFmWQVjyZk2xmNhI%2FufkIsR48Wnzust%2FDh8Hk7I8Oh7%2BXWzO%2Bxz0noMznMZWhkzYKgo%2B8PcrOjR6f0htwpOrdYinBnJ1%2BbyR2BXgltgitkREFG1UmZjYa%2BlS4fClqepaqLJVqbvtdRzbz885bXcoFCCGZ5acdQJr3Fpg%2Feh%2F7QzCqm%2FuuCxJTmNy9CiIisIWgh8J5C5OVZgPySpxn9gh7KIZAYg4jBd9se33ldqJ8zXsMIGtnAujDOsT2TBLL1Ie8c3bnZVQSUa96Mm41HwvSZYQwApR%2FlFbvVtPeb7%2BsTarB9%2FPrkDbwZyb2I0Y8iUG%2FpVYZEbmAU7UefmNiH3QwAuDAR63qyubP5xStouinfZoL5XKqPMUc%2F8vt6FgncxJEn5%2FD4t9p0ue9cQfCiKvVpMO5Y4%2FcNqCZiTWshxnSxn%2BOjaycEYLe&menuPos=53&pageIndex=1&searchDate1=&searchDate2=&searchDate3=&searchDate4=&searchDate5=&searchDate6=&searchDate7=&searchDate8=&searchValue1=&searchValue2=&searchValue3=&searchValue4=&searchValue5=&searchValue6=&searchValue7=&searchValue8=&searchValue9=&searchValue10=&searchKeyword=,성공,28,0,
분당서울대학교병원,https://www.snubh.org/intro/news/noti/list.do,성공,88,0,
새만금개발공사,https://www.sdco.or.kr/board.es?mid=a10601010000&bid=0006&list_no=1753&act=view,성공,99,0,
기술보증기금,https://www.kibo.or.kr/main/board/boardType107.do,실패,0,0,"ConnectTimeout: HTTPSConnectionPool(host='www.kibo.or.kr', port=443): Max retries exceeded with url: /main/board/boardType107.do (Caused by ConnectTimeoutError(<HTTPSConnection(host='www.kibo.or.kr', port=443) at 0x7f6ea0166e90>, 'Connection to www.kibo.or.kr timed out. (connect timeout=10)'))"
사립학교교직원연금공단,https://www.tp.or.kr/tp-kr/bbs/i-151/list.do,성공,120,0,
서울대학교병원,https://www.snuh.org/global/en/about/newsList.do,성공,63,0,
서울대학교치과병원,https://www.snudh.org/portal/bbs/selectBoardList.do?bbsId=BBSMSTR_000000000253&menuNo=29060212,성공,72,0,
산업연구원,https://www.kiet.re.kr/communicate/ntcList,성공,110,1,
소상공인시장진흥공단,https://www.semas.or.kr/web/board/webBoardList.kmdc?bCd=1&schCat=&rlIdx=&schCon=&schStr=&page=&pNm=BOA0101,실패,0,0,"SSLError: HTTPSConnectionPool(host='www.semas.or.kr', port=443): Max retries exceeded with url: /web/board/webBoardList.kmdc?bCd=1&schCat=&rlIdx=&schCon=&schStr=&page=&pNm=BOA0101 (Caused by SSLError(SSLError(1, '[SSL: SSLV3_ALERT_HANDSHAKE_FAILURE] sslv3 alert handshake failure (_ssl.c:1016)')))"
선박해양플랜트연구소,https://www.kriso.re.kr/board.es?mid=a10401000000&bid=0010,성공,86,0,
소프트웨어정책연구소,https://www.spri.kr/posts?code=notice,성공,45,0,
서울올림픽기념국민체육진흥공단,https://www.kspo.or.kr/kspo/bbs/B0000027/list.do?menuNo=200149,성공,120,0,
수도권매립지관리공사,https://www.slc.or.kr/slc/ni/bbs/notice.do#/eyJ3ZWJQYWdlTm8iOiIzMDAiLCJ0YWJObyI6MH0=,성공,0,0,
스포츠윤리센터,https://www.k-sec.or.kr/ste/page.do?bId=5&type=B,성공,44,0,
서울요양원,https://www.xn--2i4bo5fgwadewe.kr/sgcf/SGCFNews/Notice/,성공,63,0,
대한체육회,https://www.sports.or.kr/sports/bbs/BMSR00017/list.do?menuNo=200023,실패,0,0,"ConnectTimeout: HTTPSConnectionPool(host='www.sports.or.kr', port=443): Max retries exceeded with url: /sports/bbs/BMSR00017/list.do?menuNo=200023 (Caused by ConnectTimeoutError(<HTTPSConnection(host='www.sports.or.kr', port=443) at 0x7f6eb0289950>, 'Connection to www.sports.or.kr timed out. (connect timeout=10)'))"
식품안전정보원,https://www.foodinfo.or.kr/community,성공,0,0,
국토안전관리원,https://www.kalis.or.kr/www/brd/m_47/list.do,성공,120,0,
신용보증재단중앙회,https://www.koreg.or.kr/koreg/na/ntt/selectNttList.do?mi=1026&bbsId=1031,성공,93,0,
양육비이행관리원,https://www.childsupport.or.kr/lay1/program/S1T27C28/front/board.do?sa=list&bid=1,성공,84,0,
신용보증기금,https://www.kodit.or.kr/kodit/na/ntt/selectNttList.do?mi=2638&bbsId=148,성공,120,1,
에너지경제연구원,https://www.keei.re.kr/board.es?mid=a10201010000&bid=0005,성공,114,0,
영상물등급위원회,https://www.kmrb.or.kr/boardList.do,성공,1,0,
서민금융진흥원,https://www.kinfa.or.kr/notificationPromotion/notice.do,성공,120,0,
여수광양항만공사,https://www.ygpa.or.kr/hmpg/ygpa/comu/noti/bordContListPage.do,성공,79,0,
아시아·태평양경제협력체 기후센터,https://www.apcc21.org/board/BBSMSTR_000000000999?lang=ko,성공,93,0,
영화진흥위원회,https://www.kofic.or.kr/kofic/business/board/selectBoardList.do?boardNumber=4,성공,96,0,
시청자미디어재단,https://kcmf.or.kr/KCMF/contents/KCMF020100.do,성공,120,0,
예술의전당,https://www.sac.or.kr/site/main/board/sacnews/list,성공,102,0,
의료기관평가인증원,https://www.koiha.or.kr/web/kr/community/notice_board.do,성공,109,0,
육아정책연구소,https://www.kicce.re.kr/main/board/index.do?menu_idx=92&manage_idx=64,성공,109,0,
오송첨단의료산업진흥재단,https://www.kbiohealth.kr/board.es?mid=a10301000000&bid=0002,성공,120,0,
자동차손해배상진흥원,https://www.tacss.or.kr/notification/pressrelease.jsp,성공,70,0,
인천항만공사,https://www.icpa.or.kr/article/list.do?menuKey=3968&boardKey=354,성공,120,0,
울산항만공사,https://www.upa.or.kr/portal/contents.do?mid=0304040400,성공,120,1,
재단법인 장애인기업종합지원센터,https://www.debc.or.kr/bbs/board.php?bo_table=s2_1,성공,73,0,
인천국제공항공사,https://www.airport.kr/ap_ko/1011/subview.do?enc=Zm5jdDF8QEB8JTJGYmJzJTJGYXBfa28lMkYxNzUlMkZhcnRjbExpc3QuZG8lM0ZwYWdlJTNEMSUyNmZpbmRUeXBlJTNEJTI2ZmluZFdvcmQlM0QlMjZjbFNlcSUzRCUyNm9wbndyZFNlcSUzRCUyNnJnc0JnbmRlU3RyJTNEJTI2cmdzRW5kZGVTdHIlM0QlMjZjc3JmVG9rZW4lM0RmZWFmYjhkOC1kYTQxLTRlNTAtODI2YS0yNWRkNWY3OGFjYzglMjY%3D,성공,120,0,
재단법인 한국에너지재단,https://www.koref.or.kr/web/board/boardContentsListPage.do?board_id=27,실패,0,0,HTTPError: 404 Client Error: Not Found for url: https://www.koref.or.kr/web/board/boardContentsListPage.do?board_id=27
재단법인 한국공공조직은행,https://kptb.kr/subpage_0501.asp,성공,48,0,
대한장애인체육회,https://www.koreanpc.kr/coc/CocNotiNtc?bbsId=BBS0000001,실패,0,0,"ConnectTimeout: HTTPSConnectionPool(host='www.koreanpc.kr', port=443): Max retries exceeded with url: /coc/CocNotiNtc?bbsId=BBS0000001 (Caused by ConnectTimeoutError(<HTTPSConnection(host='www.koreanpc.kr', port=443) at 0x7f6eb0c33d10>, 'Connection to www.koreanpc.kr timed out. (connect timeout=10)'))"
세종학당재단,https://www.ksif.or.kr/index.do?lang=kor,성공,79,0,
재단법인 대한건설기계안전관리원,https://www.kcesi.or.kr/notice/list,성공,1,0,
재단법인 한국자활복지개발원,https://www.kdissw.or.kr:443/board.es?mid=a10501010000&bid=0002,성공,120,0,
재단법인 건설기술교육원,https://www.kicte.or.kr/portal/community/noticeListAction.do,성공,55,0,
대한법률구조공단,https://www.klac.or.kr/notification/notice/selectNoticeList.do?boardCode=32,실패,0,0,"ConnectTimeout: HTTPSConnectionPool(host='www.klac.or.kr', port=443): Max retries exceeded with url: /notification/notice/selectNoticeList.do?boardCode=32 (Caused by ConnectTimeoutError(<HTTPSConnection(host='www.klac.or.kr', port=443) at 0x7f6ea0a1b790>, 'Connection to www.klac.or.kr timed out. (connect timeout=10)'))"
예금보험공사,https://www.kdic.or.kr/di/pbcr/selectPbcrNtcList.do,성공,120,0,
연구개발특구진흥재단,https://www.innopolis.or.kr/board?menuId=MENU00318&siteId=null,성공,41,0,
전남대학교병원,https://www.cnuh.com/board/B0011.cs?m=63,성공,120,0,
전북대학교병원,https://www.jbuh.co.kr/archive/index.do,성공,38,0,
재외동포협력센터,https://okocc.or.kr/homepage/customer/notice.do?mode=view&articleNo=1002294477,성공,68,0,
정부법무공단,https://www.kgls.or.kr/system/hpbbs/board.php?bo_table=news,성공,0,0,
제주국제자유도시개발센터,https://www.jdcenter.com/prcenter/issue/notice.cs,성공,120,0,
재단법인 한국장기조직기증원,https://www.koda1458.kr/communication/participation/events,성공,119,2,
정보통신산업진흥원,https://www.nipa.kr/home/2-1,성공,120,0,
주택관리공단(주),https://www.kohom.or.kr/web/mainComm/HM002009.do,성공,67,0,
전쟁기념사업회,https://www.warmemo.or.kr:8443/Home/H40000/H40200/H40201/boardList,실패,0,0,"SSLError: HTTPSConnectionPool(host='www.warmemo.or.kr', port=8443): Max retries exceeded with url: /Home/H40000/H40200/H40201/boardList (Caused by SSLError(SSLCertVerificationError(1, '[SSL: CERTIFICATE_VERIFY_FAILED] certificate verify failed: unable to get local issuer certificate (_ssl.c:1016)')))"
정보통신기획평가원,https://www.iitp.kr/web/lay1/bbs/S1T12C37/A/7/list.do?cpage=1&sort=latest&rows=10,성공,13,0,
중소기업은행,https://www.ibk.co.kr/cyber/noticeDataListCyber.ibk?pageId=IR03010500,성공,48,0,
정보통신정책연구원,https://www.kisdi.re.kr/bbs/list.do?key=m2101113055944,성공,80,0,
주식회사 에스알,https://www.srail.or.kr/hpg/haa/01/form5.do?pageId=KR0704400000,성공,81,0,
제주대학교병원,https://www.jejunuh.co.kr/main/sub01_05_05.do,성공,106,0,
차세대수치예보모델개발사업단,https://www.kiaps.org/biz/interCooperation.do,실패,0,0,HTTPError: 404 Client Error: Not Found for url: https://www.kiaps.org/biz/interCooperation.do
중소기업기술정보진흥원,https://www.tipa.or.kr/s040101,성공,0,0,
중소벤처기업진흥공단,https://www.kosmes.or.kr/boardList.do,성공,1,0,
중소벤처기업연구원,https://www.kosi.re.kr/front/functionDisplay?menuFrontNo=239693504401196147746371791605890541073&menuFrontURL=front/announceList,성공,74,0,
창업진흥원,https://www.kised.or.kr/board.es?mid=a10301000000&bid=0004,성공,120,0,
코레일로지스(주),https://www.koraillogis.com/support/notice.php,성공,76,0,
코레일관광개발(주),https://www.korailtravel.com/web/community/index.asp?page_nm=qna_board&fq_cd=01,성공,18,0,
충북대학교병원,https://www.cbnuh.or.kr/bbs/BBSMSTR_000000000355/list.do,성공,120,0,
코레일유통(주),https://www.korailretail.com/bbs/selectBbsList.do?bbsId=BBSMSTR_000000000001,성공,120,0,
코레일테크(주),https://www.korailtech.com/notice/list.do?boardType=F0210&subMenuId=8010000,성공,31,0,
충남대학교병원,https://www.cnuh.co.kr/bbs/notice/list.do,성공,120,0,
통일연구원,https://www.kinu.or.kr/main/board/index.do?code=3aTQgNC1rlPx&nav_code=mai1674793050,성공,80,0,
전국재해구호협회,https://hopebridge.or.kr/hope/notice.php,실패,0,0,"ConnectTimeout: HTTPSConnectionPool(host='hopebridge.or.kr', port=443): Max retries exceeded with url: /hope/notice.php (Caused by ConnectTimeoutError(<HTTPSConnection(host='hopebridge.or.kr', port=443) at 0x7f6ea06dcb10>, 'Connection to hopebridge.or.kr timed out. (connect timeout=10)'))"
한국가스안전공사,https://www.kgs.or.kr/kgs/aga/board.do,성공,120,0,
한국건강가정진흥원,https://www.kihf.or.kr/web/lay1/bbs/S1T838C97/A/3/list.do?rows=10&cpage=1&cat=&article_seq=&condition=TITLE&keyword=,성공,107,0,
학교법인한국폴리텍,https://www.kopo.ac.kr/index.do,성공,120,0,
한국고용노동교육원,https://www.keli.kr/info/pltfm/index.do,성공,47,0,
축산물품질평가원,https://www.ekape.or.kr/board/list.do?menuId=menu149208,성공,120,0,
태권도진흥재단,https://www.tpf.or.kr/t1/main/index.do,성공,118,0,
한국고용정보원,https://keis.or.kr/keis/ko/bbs/220/list.do,성공,18,0,
한국공항공사,https://www.airport.co.kr/www/cms/frCon/index.do?MENU_ID=2060,성공,120,0,
한국건강증진개발원,https://www.khepi.or.kr/board;jsessionid=PzJZVCf3vIU9dZMgBBBIMDZ0xMNtDcRMLWWX49nc4almVYSFTK69tKnSXxybc11s.khealth-was_servlet_khealth2018?menuId=MENU00905&siteId=null-,성공,59,0,
한국공정거래조정원,https://www.kofair.or.kr/home/board/brdList.do?menu_cd=000043,성공,0,0,
한국관세정보원,https://kcits.or.kr/news/noticeList,성공,25,0,
한국고전번역원,https://www.itkc.or.kr/bbs/board.do?id=2&menuId=99,성공,120,0,
코레일네트웍스(주),https://www.korailnetworks.com/,실패,0,0,"ConnectTimeout: HTTPSConnectionPool(host='www.korailnetworks.com', port=443): Max retries exceeded with url: / (Caused by ConnectTimeoutError(<HTTPSConnection(host='www.korailnetworks.com', port=443) at 0x7f6eb0bcc850>, 'Connection to www.korailnetworks.com timed out. (connect timeout=10)'))"
한국과학창의재단,https://www.kosac.re.kr/menus/247/boards/405/posts,성공,120,0,
한국과학기술기획평가원,https://www.kistep.re.kr/board.es?mid=a10206010100&bid=0027,성공,120,1,
주택도시보증공사,https://www.khug.or.kr/hug/web/cs/no/csno000001.jsp,성공,120,1,
한국교육학술정보원,https://www.keris.or.kr/notice/list,성공,1,0,
한국교통안전공단,https://main.kotsa.or.kr/main.do,성공,120,0,
한국교육과정평가원,https://www.kice.re.kr/boardCnts/list.do?boardID=10023&m=050101&s=kice&searchStr=,성공,120,0,
한국가스공사,https://www.kogas.or.kr/site/koGas/goBoard.do?boardNo=6&Key=1010200000000,성공,120,0,
한국교육개발원,https://www.kedi.re.kr/bbsList.do,성공,2,0,
한국관광공사,https://knto.or.kr/correctedNews,성공,96,0,
한국공예디자인문화진흥원,https://www.kcdf.or.kr/brd/board/314/L/menu/282,성공,120,0,
한국국제협력단,https://www.koica.go.kr/koica_kr/989/subview.do?enc=Zm5jdDF8QEB8JTJGYmJzJTJGa29pY2Ffa3IlMkYxNTAlMkZhcnRjbExpc3QuZG8lM0Y%3D,실패,0,0,"ConnectionError: ('Connection aborted.', ConnectionResetError(104, 'Connection reset by peer'))"
한국국토정보공사,https://www.lx.or.kr/board/list.do,성공,2,0,
한국개발연구원,https://www.kdi.re.kr/share/noticeList,성공,120,1,
한국남부발전(주),https://www.kospo.co.kr/kospo/90/subview.do?enc=Zm5jdDF8QEB8JTJGYmJzJTJGa29zcG8lMkY2OCUyRmFydGNsTGlzdC5kbyUzRmJic0NsU2VxJTNEJTI2YmJzT3BlbldyZFNlcSUzRCUyNmlzVmlld01pbmUlM0RmYWxzZSUyNnBhZ2UlM0QxJTI2cGFzc3dvcmQlM0QlMjZyZ3NCZ25kZVN0ciUzRCUyNnJnc0VuZGRlU3RyJTNEJTI2c3JjaENvbHVtbiUzRCUyNnNyY2hXcmQlM0QlMjY%3D,실패,0,0,"SSLError: HTTPSConnectionPool(host='www.kospo.co.kr', port=443): Max retries exceeded with url: /kospo/90/subview.do?enc=Zm5jdDF8QEB8JTJGYmJzJTJGa29zcG8lMkY2OCUyRmFydGNsTGlzdC5kbyUzRmJic0NsU2VxJTNEJTI2YmJzT3BlbldyZFNlcSUzRCUyNmlzVmlld01pbmUlM0RmYWxzZSUyNnBhZ2UlM0QxJTI2cGFzc3dvcmQlM0QlMjZyZ3NCZ25kZVN0ciUzRCUyNnJnc0VuZGRlU3RyJTNEJTI2c3JjaENvbHVtbiUzRCUyNnNyY2hXcmQlM0QlMjY%3D (Caused by SSLError(SSLError(1, '[SSL: SSLV3_ALERT_HANDSHAKE_FAILURE] sslv3 alert handshake failure (_ssl.c:1016)')))"
한국남동발전(주),https://www.koenergy.kr/kosep/fr/pr/nt/prnt00/main.do,성공,120,0,
한국국제보건의료재단,https://www.kofih.org/web/lay1/bbs/S1T10C21/A/1/list.do,성공,113,0,
한국국제교류재단,https://www.kf.or.kr/kf/na/ntt/selectNttList.do?mi=1131&bbsId=1051,성공,102,0,
한국나노기술원,https://www.kanc.re.kr/gnb04/snb01.do,성공,106,0,
한국노동연구원,https://www.kli.re.kr/board.es?mid=a10302000000&bid=0004,성공,120,0,
한국노인인력개발원,https://www.kordi.or.kr/content.do?cmsId=91,성공,50,0,
중앙사회서비스원,https://www.kcpass.or.kr/board?menuId=MENU002030101000000,성공,53,0,
한국농어촌공사,https://www.ekr.or.kr/planweb/board/list.krc?contentUid=402880317d26727b017d2bd0da460631&boardUid=402880317cc0644a017cc4a46db90382&subPath=,성공,120,0,
한국도로공사서비스(주),https://www.exservice.co.kr/boad/bd_notice/egolist.php?bd=2,실패,0,0,"SSLError: HTTPSConnectionPool(host='www.exservice.co.kr', port=443): Max retries exceeded with url: /boad/bd_notice/egolist.php?bd=2 (Caused by SSLError(SSLCertVerificationError(1, '[SSL: CERTIFICATE_VERIFY_FAILED] certificate verify failed: unable to get local issuer certificate (_ssl.c:1016)')))"
한국데이터산업진흥원,https://www.kdata.or.kr/kr/board/notice_01/boardList.do,성공,66,0,
한국농수산식품유통공사,https://www.at.or.kr/article/apko364000/list.action,성공,120,0,
한국교통연구원,https://www.koti.re.kr/user/bbs/noticeList.do,성공,118,1,
한국동서발전(주),https://www.ewp.co.kr/kor/main/,성공,120,0,
한국농업기술진흥원,https://www.koat.or.kr/board/business/list.do,성공,81,1,
한국등산·트레킹지원센터,https://komount.or.kr/board/list.do?boardCode=B01,성공,52,1,
한국도박문제예방치유원,https://www.kcgp.or.kr/notice/list,성공,1,0,
한국광해광업공단,https://www.komir.or.kr/kor/17/survey,성공,120,0,
한국마사회,https://www.kra.co.kr/board/view/pr/no/1201801_1144.do?menuId=skr02_skr021,성공,29,0,
한국디자인진흥원,https://www.kidp.or.kr/?menuno=1019,성공,114,0,
한국로봇산업진흥원,https://www.kiria.org/portal/inform/portalInfoPartnerComm.jsp,성공,76,0,
한국국방연구원,https://www.kida.re.kr/frt/board/frtNormalBoard.do?sidx=243&depth=2,성공,48,0,
한국문화예술교육진흥원,https://arte.or.kr/information/notice/Notice_BoardList.do,성공,74,0,
한국기상산업기술원,https://www.kmiti.or.kr/kr/board/kmi_notice/boardList.do,실패,0,0,"ConnectTimeout: HTTPSConnectionPool(host='www.kmiti.or.kr', port=443): Max retries exceeded with url: /kr/board/kmi_notice/boardList.do (Caused by ConnectTimeoutError(<HTTPSConnection(host='www.kmiti.or.kr', port=443) at 0x7f6eb0211ad0>, 'Connection to www.kmiti.or.kr timed out. (connect timeout=10)'))"
한국문화예술위원회,https://www.arko.or.kr/,성공,20,0,
한국문화진흥주식회사,https://newseoulgolf.co.kr/board/list1.asp,성공,76,0,
한국물기술인증원,https://www.kwtc.or.kr/kwha/bbs/kwhNoticeNew.do,성공,7,0,
한국무역보험공사,https://www.ksure.or.kr/rh-kr/bbs/i-412/list.do,성공,120,0,
한국법무보호복지공단,https://koreha.or.kr/,성공,1,0,
한국방송통신전파진흥원,https://www.kca.kr/boardList.do?boardId=NOTICE&pageId=www47,성공,100,2,
한국문화관광연구원,https://www.kcti.re.kr/web/user/main.do,성공,25,0,
한국도로공사,https://www.ex.co.kr/site/com/pageProcess.do;jsessionid=qd2s9DcXKiF15dgRRhFQbfz8EhT1gRr1fDqtXlHVa8rOgAuJThgrnljmfPCXmvSh.aexhomewas1_servlet_exhome,실패,0,0,"ConnectTimeout: HTTPSConnectionPool(host='www.ex.co.kr', port=443): Max retries exceeded with url: /site/com/pageProcess.do;jsessionid=qd2s9DcXKiF15dgRRhFQbfz8EhT1gRr1fDqtXlHVa8rOgAuJThgrnljmfPCXmvSh.aexhomewas1_servlet_exhome (Caused by ConnectTimeoutError(<HTTPSConnection(host='www.ex.co.kr', port=443) at 0x7f6eb026d1d0>, 'Connection to www.ex.co.kr timed out. (connect timeout=10)'))"
한국문화정보원,https://www.kcisa.kr/kr/board/notice/boardList.do,성공,51,0,
한국도로교통공단,https://www.koroad.or.kr/main/board/1/board_list.do,실패,0,0,"ConnectTimeout: HTTPSConnectionPool(host='www.koroad.or.kr', port=443): Max retries exceeded with url: /main/board/1/board_list.do (Caused by ConnectTimeoutError(<HTTPSConnection(host='www.koroad.or.kr', port=443) at 0x7f6eb02018d0>, 'Connection to www.koroad.or.kr timed out. (connect timeout=10)'))"
한국보건사회연구원,https://www.kihasa.re.kr/news/press/list,성공,120,0,
한국보건의료연구원,https://www.neca.re.kr/lay1/bbs/S1T12C49/A/12/list.do?cpage=1&rows=10&condition=&keyword=&cat=,실패,0,0,"SSLError: HTTPSConnectionPool(host='www.neca.re.kr', port=443): Max retries exceeded with url: /lay1/bbs/S1T12C49/A/12/list.do?cpage=1&rows=10&condition=&keyword=&cat= (Caused by SSLError(SSLEOFError(8, '[SSL: UNEXPECTED_EOF_WHILE_READING] EOF occurred in violation of protocol (_ssl.c:1016)')))"
한국벤처투자,https://www.kvic.or.kr/notice/kvic-notice/investment-business-notice,성공,112,0,
한국법제연구원,https://www.klri.re.kr/kor/bbs/BBSMSTR_000000000001/list.do,성공,102,0,
한국보건복지인재원,https://www.kohi.or.kr/gateway.do,성공,37,0,
한국보건산업진흥원,https://www.khidi.or.kr/board?menuId=MENU02458,성공,68,0,
한국보훈복지의료공단,https://www.bohun.or.kr/main/na/ntt/selectNttList.do?mi=32371&bbsId=1152,성공,120,0,
한국마약퇴치운동본부,https://drugfree.or.kr/portal/kor/M571606632/board.do?,실패,0,0,"ConnectionError: HTTPSConnectionPool(host='drugfree.or.kr', port=443): Max retries exceeded with url: /portal/kor/M571606632/board.do (Caused by NameResolutionError(""HTTPSConnection(host='drugfree.or.kr', port=443): Failed to resolve 'drugfree.or.kr' ([Errno -3] Temporary failure in name resolution)""))"
한국부동산원,https://www.reb.or.kr/reb/na/ntt/selectNttList.do?mi=9564&bbsId=1134,성공,120,0,
한국사학진흥재단,https://www.kasfo.or.kr/kasfo/919/subview.do,성공,120,0,
한국산림복지진흥원,https://www.fowi.or.kr/user/bbs/bbsList.do?bbsManageId=12,성공,120,0,
한국산업기술기획평가원,https://www.keit.re.kr/board.es?mid=a10301010000&bid=0009,성공,120,0,
한국산업기술진흥원,https://www.kiat.or.kr/front/user/newsMail.do,성공,1,0,
한국산업단지공단,https://www.kicox.or.kr/boardList/1016,실패,0,0,"SSLError: HTTPSConnectionPool(host='www.kicox.or.kr', port=443): Max retries exceeded with url: /boardList/1016 (Caused by SSLError(SSLEOFError(8, '[SSL: UNEXPECTED_EOF_WHILE_READING] EOF occurred in violation of protocol (_ssl.c:1016)')))"
한국사회적기업진흥원,https://www.socialenterprise.or.kr/homepage/main.do,성공,116,0,
한국발명진흥회,https://www.kipa.org/kipa/notice/kw_0404.jsp,성공,120,0,
한국산업안전보건공단,https://kosha.or.kr/notification/notice/contruction,성공,0,0,
한국산업기술시험원,https://www.ktl.re.kr/notice/notice_1/notice_announcement.do?temp_var=&menu_gubun=mid&menu_no=4&menu_no2=0&&searchOption1=%EA%B3%B5%EC%A7%80%EC%82%AC%ED%95%AD,성공,38,0,
한국산업은행,https://www.kdb.co.kr/index.jsp,성공,0,0,
한국상하수도협회,https://www.kwwa.or.kr/kr/board/notify_20/boardList.do,실패,0,0,"SSLError: HTTPSConnectionPool(host='www.kwwa.or.kr', port=443): Max retries exceeded with url: /kr/board/notify_20/boardList.do (Caused by SSLError(SSLCertVerificationError(1, '[SSL: CERTIFICATE_VERIFY_FAILED] certificate verify failed: unable to get local issuer certificate (_ssl.c:1016)')))"
한국석유관리원,https://www.kpetro.or.kr/lay1/program/S1T55C65/sns/intro.do,실패,0,0,"ConnectionError: ('Connection aborted.', ConnectionResetError(104, 'Connection reset by peer'))"
한국산업인력공단,https://www.hrdkorea.or.kr/3/1/1?k=56118,성공,120,0,
한국보건의료인국가시험원,https://www.kuksiwon.or.kr/notice/brd/m_51/list.do?seq=51,성공,71,0,
한국소비자원,https://www.kca.go.kr/home/sub.do?menukey=4003,실패,0,0,"SSLError: HTTPSConnectionPool(host='www.kca.go.kr', port=443): Max retries exceeded with url: /home/sub.do?menukey=4003 (Caused by SSLError(SSLCertVerificationError(1, '[SSL: CERTIFICATE_VERIFY_FAILED] certificate verify failed: unable to get local issuer certificate (_ssl.c:1016)')))"
한국방송광고진흥공사,https://www.kobaco.co.kr/site/main/board/news/list,성공,114,0,
한국석유공사,https://www.knoc.co.kr/sub11/sub11_1.jsp,성공,58,1,
한국세라믹기술원,https://www.kicet.re.kr/main.web,성공,120,0,
한국생명존중희망재단,https://www.kfsp.or.kr/home/kor/board.do?menuPos=62,성공,30,0,
한국서부발전(주),https://www.iwest.co.kr/iwest/431/subview.do?enc=Zm5jdDF8QEB8JTJGYmJzJTJGaXdlc3QlMkYxMjElMkZhcnRjbExpc3QuZG8lM0Y%3D,성공,120,1,
한국수출입은행,https://www.koreaexim.go.kr/HPHKBI039M01?curPage=,실패,0,0,"ConnectionError: ('Connection aborted.', ConnectionResetError(104, 'Connection reset by peer'))"
한국수력원자력(주),https://www.khnp.co.kr/main/selectBbsNttList.do?key=2288&bbsNo=67&nttNo=76747&searchCtgry=&searchCnd=all&searchKrwd=&integrDeptCode=&pageIndex=1,성공,120,0,
한국수자원조사기술원,https://www.kihs.re.kr/kor_sub/bbs/notice_list.do,성공,71,0,
한국수산자원공단,https://www.fira.or.kr/newfira/web/news/news01_01.jsp,성공,120,0,
한국수목원정원관리원,https://www.koagi.or.kr/www/user/bbs/BD_selectBbsList.do?q_bbsSn=1001,성공,109,0,
한국수자원공사,https://www.kwater.or.kr/busi/sub03/noti01List.do?brdId=KO90&s_mid=2084,성공,120,0,
한국승강기안전공단,https://home.koelsa.or.kr/portal/bbs/view.do?mId=0401000000&ptIdx=112&bIdx=15225,성공,30,0,
한국언론진흥재단,https://www.kpf.or.kr/front/user/main.do,성공,8,0,
한국식품안전관리인증원,https://www.haccp.or.kr/user/board.do?board=743,성공,120,0,
한국에너지공단,https://www.energy.or.kr/front/board/List3.do,성공,120,0,
한국에너지정보문화재단,https://e-policy.or.kr/web/lay1/bbs/S1T15C51/A/15/list.do,성공,112,0,
한국식품산업클러스터진흥원,https://www.foodpolis.kr/web/info/notice/sub01.do,성공,106,0,
한국어촌어항공단,https://www.fipa.or.kr/fipa/bbs/i-167/list.do,성공,120,1,
한국에너지기술평가원,https://www.ketep.re.kr/board?menuId=MENU002070200000000&boardId=BOARD00065,성공,44,0,
한국여성정책연구원,https://www.kwdi.re.kr/plaza/noticeView.do?p=1&idx=134302,성공,69,0,
한국여성인권진흥원,https://www.stop.or.kr/home/kor/M999659545/newsletter/index.do,성공,17,0,
한국양성평등교육진흥원,https://www.kigepe.or.kr:443/user/cop/bbs/selectBoardList.do?bbsId=BBSMSTR_000000000001&menuNo=13100,성공,59,0,
한국문학번역원,https://www.ltikorea.or.kr/kr/board/notice/boardList.do,실패,0,0,"ConnectionError: HTTPSConnectionPool(host='www.ltikorea.or.kr', port=443): Read timed out."
한국여성과학기술인육성재단,https://www.wiset.or.kr/bbs/BBSMSTR_000000000307/list.do,성공,71,0,
한국사회복지협의회,https://www.bokji.net/not/nti/01.bokji,실패,0,0,"ConnectTimeout: HTTPSConnectionPool(host='www.bokji.net', port=443): Max retries exceeded with url: /not/nti/01.bokji (Caused by ConnectTimeoutError(<HTTPSConnection(host='www.bokji.net', port=443) at 0x7f6eb0106c50>, 'Connection to www.bokji.net timed out. (connect timeout=10)'))"
한국사회보장정보원,https://www.ssis.or.kr/lay1/bbs/S1T1909C101/B/101/view.do?mode=view&article_seq=123983&cpage=16&rows=9&condition=A.ALL&keyword=,성공,120,0,
한국예술인복지재단,https://www.kawf.kr:443/notice/sub01.do,성공,7,0,
한국원산지정보원,https://www.origin.or.kr/lay1/bbs/S1T12C49/A/12/view.do?article_seq=1636&cpage=&rows=&condition=&keyword=,성공,66,0,
한국원자력의학원,https://www.kirams.re.kr/kirams/board/generalBoardList5.do,성공,57,0,
한국영상자료원,https://www.koreafilm.or.kr/kofa/news/notice,성공,96,1,
한국영유아보육·교육진흥원,https://www.kicece.or.kr/kcpi/cyberpr/noti.do,성공,120,1,
한국의료기기안전정보원,https://www.nids.or.kr/board/list.jsp?page=nt&mnu=1,성공,0,0,
한국스포츠레저(주),https://www.kospole.co.kr/toto/board/pr,성공,18,0,
한국인터넷진흥원,https://www.kisa.or.kr/401,실패,0,0,"SSLError: HTTPSConnectionPool(host='www.kisa.or.kr', port=443): Max retries exceeded with url: /401 (Caused by SSLError(SSLCertVerificationError(1, '[SSL: CERTIFICATE_VERIFY_FAILED] certificate verify failed: unable to get local issuer certificate (_ssl.c:1016)')))"
한국원자력통제기술원,https://www.kinac.re.kr/board?menuId=MN0000000498&siteId=00002,성공,54,0,
한국연구재단,https://www.nrf.re.kr/page/53?menuNo=53,성공,10,0,
한국원자력안전재단,https://www.kofons.or.kr/web/cop/bbsWeb/selectBoardList.do?bbsId=BBSMSTR_000000000431,성공,34,0,
한국장애인개발원,https://www.koddi.or.kr/bbs/notice01.jsp,성공,83,0,
한국임업진흥원,https://www.kofpi.or.kr/notice/public_07.do,성공,120,0,
한국장학재단,https://www.kosaf.go.kr/ko/notice.do?pg=PTKONotice_List,성공,120,0,
한국의료분쟁조정중재원,https://www.k-medi.or.kr/web/lay1/bbs/S1T13C18/A/1/list.do,성공,103,1,
한국장애인고용공단,https://www.kead.or.kr/bbs/jobcontents/bbsPage.do?menuId=MENU2196,성공,120,0,
한국자산관리공사,https://www.kamco.or.kr/portal/bbs/list.do?ptIdx=264&mId=0106010000,성공,120,1,
한국저작권보호원,https://www.kcopa.or.kr/lay1/bbs/S1T12C49/A/12/list.do,성공,120,0,
한국전기안전공사,https://www.kesco.or.kr/bbs/selectPageListBbs.do,성공,120,0,
한국전력거래소,https://www.kpx.or.kr/board.es?mid=a10212070000&bid=0201,성공,120,0,
한국제품안전관리원,https://www.kips.kr/cntns/cntns.do?menuSn=5010,성공,39,0,
한국원자력안전기술원,https://www.kins.re.kr/notice,실패,0,0,"ConnectTimeout: HTTPSConnectionPool(host='www.kins.re.kr', port=443): Max retries exceeded with url: /notice (Caused by ConnectTimeoutError(<HTTPSConnection(host='www.kins.re.kr', port=443) at 0x7f6e90fba5d0>, 'Connection to www.kins.re.kr timed out. (connect timeout=10)'))"
한국재정정보원,https://www.fis.kr/ko/notification/notice,성공,92,0,
한국중부발전(주),https://www.komipo.co.kr/kor/board/BRD_000020/boardMain.do?mnCd=FN100101&pageSize=10,실패,0,0,"SSLError: HTTPSConnectionPool(host='www.komipo.co.kr', port=443): Max retries exceeded with url: /kor/board/BRD_000020/boardMain.do?mnCd=FN100101&pageSize=10 (Caused by SSLError(SSLCertVerificationError(1, '[SSL: CERTIFICATE_VERIFY_FAILED] certificate verify failed: unable to get local issuer certificate (_ssl.c:1016)')))"
한국전력기술주식회사,https://www.kepco-enc.com/portal/dataQestnarRespns/list.es?mid=a10205050000,성공,120,0,
한국조폐공사,https://www.komsco.com/kor/article/notice,성공,0,0,
한국조세재정연구원,https://www.kipf.re.kr/bbs/kor_Plaza_Notice.do,성공,120,1,
한국의약품안전관리원,https://www.drugsafe.or.kr/iwt/ds/ko/bbs/EgovBbs.do?bbsId=BBSMSTR_000000000011,실패,0,0,"ConnectTimeout: HTTPSConnectionPool(host='www.drugsafe.or.kr', port=443): Max retries exceeded with url: /iwt/ds/ko/bbs/EgovBbs.do?bbsId=BBSMSTR_000000000011 (Caused by ConnectTimeoutError(<HTTPSConnection(host='www.drugsafe.or.kr', port=443) at 0x7f6ea0ba8a10>, 'Connection to www.drugsafe.or.kr timed out. (connect timeout=10)'))"
한국저작권위원회,https://www.copyright.or.kr/committee-introduction/management/notice/list.do,성공,120,1,
한국중소벤처기업유통원,https://www.kodma.or.kr/bbs/list.do?currentPageNo=1&pageSize=10&totalRecordCount=0&totalPageCount=1&firstPageNoOnPageList=1&lastPageNoOnPageList=1&firstRecordIndex=0&lastRecordIndex=10&key=2409240028&pageIndex=1&pageUnit=10&orderBy=bbsOrdr+desc&sc_limitAt=Y&rowNum=0&firstPageNo=1&lastPageNo=1,성공,82,0,
한국전력공사,https://www.kepco.co.kr/home/media/newsroom/notice/boardList.do,성공,113,0,
한국지능정보사회진흥원,https://www.nia.or.kr/site/nia_kor/ex/newsletter/NewsletterList.do,성공,101,0,
한국지식재산보호원,https://www.koipa.re.kr/home/board/brdList.do?menu_cd=000052,성공,91,0,
한국지식재산연구원,https://www.kiip.re.kr/board/notice/list.do?bd_gb=board&bd_cd=1&bd_item=0&po_item_gb=1,성공,120,0,
한국전력국제원자력대학원대학교,https://kings.ac.kr/cop/bbs/selectBoardList.do?bbsId=BBSMSTR_000000000245,성공,54,0,
한국잡월드,https://www.koreajobworld.or.kr/boardList.do?mid=42&menuId=55&bid=1&site=10&portalMenuNo=39,성공,49,0,
한국직업능력연구원,https://www.krivet.re.kr/kor/sub.do?menuSn=23,성공,66,0,
한국철도공사,https://info.korail.com/info/selectBbsNttList.do?bbsNo=200&key=910,성공,120,0,
한국원자력환경공단,https://www.korad.or.kr/korad/board/index.do?menu_idx=54&manage_idx=22,성공,120,2,
한국청소년활동진흥원,https://www.kywa.or.kr/pressinfo/notice_list.jsp,실패,0,0,"SSLError: HTTPSConnectionPool(host='www.kywa.or.kr', port=443): Max retries exceeded with url: /pressinfo/notice_list.jsp (Caused by SSLError(SSLCertVerificationError(1, '[SSL: CERTIFICATE_VERIFY_FAILED] certificate verify failed: unable to get local issuer certificate (_ssl.c:1016)')))"
한국청소년정책연구원,https://www.nypi.re.kr/board?menuKey=D7eWzSzI7U&siteId=SITE00002&bbsId=BOARD00015,성공,52,0,
한국탄소산업진흥원,https://www.kcarbon.or.kr/bbs/board.php?bo_id=notice,성공,74,0,
한국청소년상담복지개발원,https://www.kyci.or.kr/boardManagement/board.asp?bid=bid_1&menuCategory=5,성공,91,0,
한국콘텐츠진흥원,https://www.kocca.kr/kocca/bbs/list/B0000137.do?menuNo=204802,성공,120,0,
한국특허기술진흥원,https://www.kipro.or.kr/board/notice/list,성공,60,0,
한국투자공사,https://kic.kr/ko/news/announcements/notice/svrvip,성공,34,0,
한국체육산업개발(주),https://www.ksponco.or.kr/gallery.es?mid=a10201020000&bid=0028&nPage=1&v_type=&b_list_cnt=10&ord=&tag=&list_no=8025&act=view&keyField=&keyWord=,성공,120,1,
한국학중앙연구원,http://www.aks.ac.kr/cop/bbs/selectBoardList.do?bbsId=BBSMSTR_000000000082&menuNo=4010110000,성공,73,0,
한국특허정보원,https://www.kipi.or.kr/cop/bbs/selectBoardList.do?bbsId=BBSMSTR_EEEEEEEEEEEE,성공,54,0,
한국해양교통안전공단,https://www.komsa.or.kr/bbs/list.do,성공,2,0,
한국특허전략개발원,https://www.kista.re.kr/user/board.do?bbsId=BBSMSTR_000000000532,성공,100,0,
한국토지주택공사,https://www.lh.or.kr/board.es?mid=a10601010000&bid=0033,성공,120,1,
한국한의약진흥원,https://nikom.or.kr/nikom/board/index.do?menu_idx=23&manage_idx=106,성공,86,0,
한국해외인프라도시개발지원공사,https://www.kindkorea.or.kr/pages/29,성공,120,0,
한국항로표지기술원,https://www.katon.or.kr/article/notice/detail/9458,성공,22,0,
한국해양과학기술원,https://www.kiost.ac.kr/cop/bbs/BBSMSTR_000000000072/selectBoardArticle.do?nttId=25459,성공,111,0,
한국해양조사협회,https://www.khra.kr/hmpg/noto/nota/bordContListPage.do?bbs_no=1,성공,0,0,
한국해양수산개발원,https://www.kmi.re.kr/web/board/list.do?rbsIdx=68,성공,120,0,
한국출판문화산업진흥원,https://www.kpipa.or.kr/p/g1_1,성공,67,0,
한국지역난방공사,https://www.kdhc.co.kr/kdhc/bbs/B0000020/list.do?menuNo=200124&pageIndex=,실패,0,0,"ConnectTimeout: HTTPSConnectionPool(host='www.kdhc.co.kr', port=443): Max retries exceeded with url: /kdhc/bbs/B0000020/list.do?menuNo=200124&pageIndex= (Caused by ConnectTimeoutError(<HTTPSConnection(host='www.kdhc.co.kr', port=443) at 0x7f6ea08260d0>, 'Connection to www.kdhc.co.kr timed out. (connect timeout=10)'))"
한국환경산업기술원,https://www.keiti.re.kr/site/keiti/rnd/selectRndSubjectList.do,성공,120,0,
한국환경연구원,https://www.kei.re.kr/board.es?mid=a10301000000&bid=0001,성공,120,0,
한국환경공단,https://www.keco.or.kr/web/lay1/bbs/S1T164C1417/A/275/list.do,성공,120,0,
한국해양수산연수원,https://www.seaman.or.kr/portal/bbs/list.do?ptIdx=202&mId=0301010000&token=1790594708417,실패,0,0,"SSLError: HTTPSConnectionPool(host='www.seaman.or.kr', port=443): Max retries exceeded with url: /portal/bbs/list.do?ptIdx=202&mId=0301010000&token=1790594708417 (Caused by SSLError(SSLCertVerificationError(1, '[SSL: CERTIFICATE_VERIFY_FAILED] certificate verify failed: unable to get local issuer certificate (_ssl.c:1016)')))"
한국형사·법무정책연구원,https://www.kicj.re.kr/board.es?mid=a10304010000&bid=0012,성공,120,0,
한국환경보전원,https://www.keci.or.kr/common/bbs/selectPageListBbs.do?bbs_code=A1004,성공,43,0,
한전원자력연료주식회사,https://www.knfc.co.kr/menu?menuId=MENU00302,실패,0,0,"SSLError: HTTPSConnectionPool(host='www.knfc.co.kr', port=443): Max retries exceeded with url: /menu?menuId=MENU00302 (Caused by SSLError(SSLCertVerificationError(1, '[SSL: CERTIFICATE_VERIFY_FAILED] certificate verify failed: unable to get local issuer certificate (_ssl.c:1016)')))"
한전KDN,http://www.kdn.com/board.kdn?mid=a10111050000&bid=0019,성공,120,0,
한국행정연구원,https://www.kipa.re.kr/html/kor/cmn/bbs/cmnBbsGenList.do,실패,0,0,"SSLError: HTTPSConnectionPool(host='www.kipa.re.kr', port=443): Max retries exceeded with url: /html/kor/cmn/bbs/cmnBbsGenList.do (Caused by SSLError(SSLCertVerificationError(1, '[SSL: CERTIFICATE_VERIFY_FAILED] certificate verify failed: unable to get local issuer certificate (_ssl.c:1016)')))"
해양수산과학기술진흥원,https://www.kimst.re.kr/u/news/notice_01/board.do,실패,0,0,"SSLError: HTTPSConnectionPool(host='www.kimst.re.kr', port=443): Max retries exceeded with url: /u/news/notice_01/board.do (Caused by SSLError(SSLError(1, '[SSL: SSLV3_ALERT_HANDSHAKE_FAILURE] sslv3 alert handshake failure (_ssl.c:1016)')))"
한전MCS(주),https://www.kepcomcs.co.kr/mber/opinion/notice/bbs/29/list,성공,57,0,
한전KPS(주),https://www.kps.co.kr/web/Board/47497/detailView.do?pageIndex=1&menu=2467,성공,120,0,
항공안전기술원,https://www.kiast.or.kr/kr/cop/bbs/BBSMSTR_000000000001/selectBoardList.do,성공,106,0,
한식진흥원,https://www.hansik.or.kr/board/no/list/001?menuSn=31,성공,86,0,
한국해양진흥공사,https://www.kobc.or.kr/ebz/kor/bbs/list.do?ptIdx=326&mId=0201000000,성공,120,4,
해양환경공단,https://www.koem.or.kr/site/koem/ex/board/List.do?cbIdx=236,성공,120,1,
한국주택금융공사,https://www.hf.go.kr/ko/sub04/sub04_11_01.do,성공,120,2,
한국농촌경제연구원,https://www.krei.re.kr/krei/page/23,성공,120,0,
경상국립대학교병원,,URL없음,0,0,게시판URL 미입력
국립대구과학관,,URL없음,0,0,게시판URL 미입력
국제방송교류재단,,URL없음,0,0,게시판URL 미입력
부산대학교치과병원,,URL없음,0,0,게시판URL 미입력
한국기술교육대학교,,URL없음,0,0,게시판URL 미입력
한국소방산업기술원,,URL없음,0,0,게시판URL 미입력
한국치산기술협회,,URL없음,0,0,게시판URL 미입력
