기관명,기관유형,후보출처,출처URL,기존355,설문/참여건수,참여정보키워드,참여정보점수,후보점수,추천등급
기관 홈페이지,기타공공기관,ALIO_PLUS_기관정보,https://www.alioplus.go.kr/organization/organByTypeList.do?pageNo=15,N,0,5,0,45,C
인스타그램,준정부기관(위탁집행형),ALIO_PLUS_기관정보,https://www.alioplus.go.kr/organization/organByTypeList.do?pageNo=11,N,0,10,0,45,C
페이스북,준정부기관(위탁집행형),ALIO_PLUS_기관정보,https://www.alioplus.go.kr/organization/organByTypeList.do?pageNo=4,N,0,5,0,45,C
근로복지서비스,기타공공기관,ALIO_PLUS_기관정보,https://www.alioplus.go.kr/organization/organByTypeList.do?pageNo=1,N,0,0,0,40,C
문화예술지식정보시스템,기타공공기관,ALIO_PLUS_기관정보,https://www.alioplus.go.kr/organization/organByTypeList.do?pageNo=15,N,0,0,0,40,C
사회복지자원봉사인증관리,기타공공기관,ALIO_PLUS_기관정보,https://www.alioplus.go.kr/organization/organByTypeList.do?pageNo=14,N,0,0,0,40,C
예금보험공사 글로벌교육센터,기타공공기관,ALIO_PLUS_기관정보,https://www.alioplus.go.kr/organization/organByTypeList.do?pageNo=1,N,0,0,0,40,C
중소벤처기업진흥공단 경남동부지부,재단법인 국악방송 / 기타공공기관,ALIO_PLUS_기관정보,https://www.alioplus.go.kr/organization/organByTypeList.do?pageNo=83,N,0,0,0,40,C
중소벤처기업진흥공단 경남서부지부,재단법인 국악방송 / 기타공공기관,ALIO_PLUS_기관정보,https://www.alioplus.go.kr/organization/organByTypeList.do?pageNo=83,N,0,0,0,40,C
중소벤처기업진흥공단 경북남부지부,중소벤처기업진흥공단 / 준정부기관(기금관리형),ALIO_PLUS_기관정보,https://www.alioplus.go.kr/organization/organByTypeList.do?pageNo=82,N,0,0,0,40,C
중소벤처기업진흥공단 경북동부지부,중소벤처기업진흥공단 / 준정부기관(기금관리형),ALIO_PLUS_기관정보,https://www.alioplus.go.kr/organization/organByTypeList.do?pageNo=82,N,0,0,0,40,C
중소벤처기업진흥공단 경북지역본부,중소벤처기업진흥공단 / 준정부기관(기금관리형),ALIO_PLUS_기관정보,https://www.alioplus.go.kr/organization/organByTypeList.do?pageNo=82,N,0,0,0,40,C
중소벤처기업진흥공단 글로벌리더십연수원,재단법인 국악방송 / 기타공공기관,ALIO_PLUS_기관정보,https://www.alioplus.go.kr/organization/organByTypeList.do?pageNo=84,N,0,0,0,40,C
중소벤처기업진흥공단 대구경북연수원,재단법인 국악방송 / 기타공공기관,ALIO_PLUS_기관정보,https://www.alioplus.go.kr/organization/organByTypeList.do?pageNo=84,N,0,0,0,40,C
중소벤처기업진흥공단 대구지역본부,중소벤처기업진흥공단 / 준정부기관(기금관리형),ALIO_PLUS_기관정보,https://www.alioplus.go.kr/organization/organByTypeList.do?pageNo=82,N,0,0,0,40,C
중소벤처기업진흥공단 대전지역본부,재단법인 국악방송 / 기타공공기관,ALIO_PLUS_기관정보,https://www.alioplus.go.kr/organization/organByTypeList.do?pageNo=83,N,0,0,0,40,C
중소벤처기업진흥공단 동부권경영지원처,중소벤처기업진흥공단 / 준정부기관(기금관리형),ALIO_PLUS_기관정보,https://www.alioplus.go.kr/organization/organByTypeList.do?pageNo=82,N,0,0,0,40,C
중소벤처기업진흥공단 부산경남연수원,중소벤처기업진흥공단 / 준정부기관(기금관리형),ALIO_PLUS_기관정보,https://www.alioplus.go.kr/organization/organByTypeList.do?pageNo=84,N,0,0,0,40,C
중소벤처기업진흥공단 부산동부지부,중소벤처기업진흥공단 / 준정부기관(기금관리형),ALIO_PLUS_기관정보,https://www.alioplus.go.kr/organization/organByTypeList.do?pageNo=82,N,0,0,0,40,C
중소벤처기업진흥공단 부산지역본부,중소벤처기업진흥공단 / 준정부기관(기금관리형),ALIO_PLUS_기관정보,https://www.alioplus.go.kr/organization/organByTypeList.do?pageNo=82,N,0,0,0,40,C
중소벤처기업진흥공단 울산지역본부,중소벤처기업진흥공단 / 준정부기관(기금관리형),ALIO_PLUS_기관정보,https://www.alioplus.go.kr/organization/organByTypeList.do?pageNo=82,N,0,0,0,40,C
중소벤처기업진흥공단 전남동부지부,주택관리공단(주) / 기타공공기관,ALIO_PLUS_기관정보,https://www.alioplus.go.kr/organization/organByTypeList.do?pageNo=81,N,0,0,0,40,C
중소벤처기업진흥공단 제주지역본부,중소벤처기업진흥공단 / 준정부기관(기금관리형),ALIO_PLUS_기관정보,https://www.alioplus.go.kr/organization/organByTypeList.do?pageNo=82,N,0,0,0,40,C
중소벤처기업진흥공단 호남연수원,재단법인 국악방송 / 기타공공기관,ALIO_PLUS_기관정보,https://www.alioplus.go.kr/organization/organByTypeList.do?pageNo=84,N,0,0,0,40,C
콘텐츠가치평가센터,공기업(준시장형),ALIO_PLUS_기관정보,https://www.alioplus.go.kr/organization/organByTypeList.do?pageNo=5,N,0,0,0,40,C
한국복지패널,기타공공기관,ALIO_PLUS_기관정보,https://www.alioplus.go.kr/organization/organByTypeList.do?pageNo=14,N,0,0,0,40,C
한국인터넷진흥원 / 준정부기관(위탁집행형),준정부기관(위탁집행형),ALIO_PLUS_기관정보,https://www.alioplus.go.kr/organization/organByTypeList.do?pageNo=1,N,0,0,0,40,C
(재)우체국물류지원단 동서울물류사업소,(재)우체국물류지원단 / 준정부기관(위탁집행형),ALIO_PLUS_기관정보,https://www.alioplus.go.kr/organization/organByTypeList.do?pageNo=95,N,0,0,0,30,C
(재)우체국물류지원단 서서울물류사업소,(재)우체국물류지원단 / 준정부기관(위탁집행형),ALIO_PLUS_기관정보,https://www.alioplus.go.kr/organization/organByTypeList.do?pageNo=95,N,0,0,0,30,C
(재)우체국물류지원단 안동사업소,(재)우체국물류지원단 / 준정부기관(위탁집행형),ALIO_PLUS_기관정보,https://www.alioplus.go.kr/organization/organByTypeList.do?pageNo=95,N,0,0,0,30,C
(재)우체국물류지원단 포항사업소,(재)우체국물류지원단 / 준정부기관(위탁집행형),ALIO_PLUS_기관정보,https://www.alioplus.go.kr/organization/organByTypeList.do?pageNo=95,N,0,0,0,30,C
4787,준정부기관(기금관리형),ALIO_PLUS_기관정보,https://www.alioplus.go.kr/organization/organByTypeList.do?pageNo=1,N,0,0,0,30,C
KIPRO통합접수시스템,기타공공기관,ALIO_PLUS_기관정보,https://www.alioplus.go.kr/organization/organByTypeList.do?pageNo=5,N,0,0,0,30,C
Q-net(자격정보),기타공공기관,ALIO_PLUS_기관정보,https://www.alioplus.go.kr/organization/organByTypeList.do?pageNo=13,N,0,0,0,30,C
SW라이선스 정보포털,기타공공기관,ALIO_PLUS_기관정보,https://www.alioplus.go.kr/organization/organByTypeList.do?pageNo=9,N,0,0,0,30,C
TAAS(교통사고분석시스템),준정부기관(기금관리형),ALIO_PLUS_기관정보,https://www.alioplus.go.kr/organization/organByTypeList.do?pageNo=2,N,0,0,0,30,C
가축위생방역지원본부 / 기타공공기관,국민건강보험공단 / 준정부기관(위탁집행형),ALIO_PLUS_기관정보,https://www.alioplus.go.kr/organization/organByTypeList.do?pageNo=93,N,0,0,0,30,C
공공누리,기타공공기관,ALIO_PLUS_기관정보,https://www.alioplus.go.kr/organization/organByTypeList.do?pageNo=15,N,0,0,0,30,C
공기업(시장형),기타공공기관,ALIO_PLUS_기관정보,https://www.alioplus.go.kr/organization/organByTypeList.do?pageNo=7,N,0,0,0,30,C
공기업(준시장형),기타공공기관,ALIO_PLUS_기관정보,https://www.alioplus.go.kr/organization/organByTypeList.do?pageNo=5,N,0,0,0,30,C
공단e신고(전자신고포털),준정부기관(위탁집행형),ALIO_PLUS_기관정보,https://www.alioplus.go.kr/organization/organByTypeList.do?pageNo=8,N,0,0,0,30,C
국립등대박물관,기타공공기관,ALIO_PLUS_기관정보,https://www.alioplus.go.kr/organization/organByTypeList.do?pageNo=4,N,0,0,0,30,C
국립백두대간수목원,공기업(준시장형),ALIO_PLUS_기관정보,https://www.alioplus.go.kr/organization/organByTypeList.do?pageNo=11,N,0,0,0,30,C
국민건강보험공단 / 준정부기관(위탁집행형),국민건강보험공단 / 준정부기관(위탁집행형),ALIO_PLUS_기관정보,https://www.alioplus.go.kr/organization/organByTypeList.do?pageNo=85,N,0,0,0,30,C
국방기술품질원 / 기타공공기관,(재)우체국물류지원단 / 준정부기관(위탁집행형),ALIO_PLUS_기관정보,https://www.alioplus.go.kr/organization/organByTypeList.do?pageNo=95,N,0,0,0,30,C
기타공공기관,준정부기관(위탁집행형),ALIO_PLUS_기관정보,https://www.alioplus.go.kr/organization/organByTypeList.do?pageNo=1,N,0,0,0,30,C
누리 세종학당,기타공공기관,ALIO_PLUS_기관정보,https://www.alioplus.go.kr/organization/organByTypeList.do?pageNo=2,N,0,0,0,30,C
드론정보포털,기타공공기관,ALIO_PLUS_기관정보,https://www.alioplus.go.kr/organization/organByTypeList.do?pageNo=3,N,0,0,0,30,C
에너지정보광장 블로그,기타공공기관,ALIO_PLUS_기관정보,https://www.alioplus.go.kr/organization/organByTypeList.do?pageNo=11,N,0,0,0,30,C
오픈소스SW종합정보시스템,기타공공기관,ALIO_PLUS_기관정보,https://www.alioplus.go.kr/organization/organByTypeList.do?pageNo=8,N,0,0,0,30,C
유튜브,국민건강보험공단 / 준정부기관(위탁집행형),ALIO_PLUS_기관정보,https://www.alioplus.go.kr/organization/organByTypeList.do?pageNo=84,N,0,0,0,30,C
의약품 부작용 피해구제 신청,기타공공기관,ALIO_PLUS_기관정보,https://www.alioplus.go.kr/organization/organByTypeList.do?pageNo=9,N,0,0,0,30,C
재단법인 국악방송 / 기타공공기관,중소벤처기업진흥공단 / 준정부기관(기금관리형),ALIO_PLUS_기관정보,https://www.alioplus.go.kr/organization/organByTypeList.do?pageNo=83,N,0,0,0,30,C
주택관리공단(주) / 기타공공기관,주택관리공단(주) / 기타공공기관,ALIO_PLUS_기관정보,https://www.alioplus.go.kr/organization/organByTypeList.do?pageNo=81,N,0,0,0,30,C
준정부기관(기금관리형),기타공공기관,ALIO_PLUS_기관정보,https://www.alioplus.go.kr/organization/organByTypeList.do?pageNo=7,N,0,0,0,30,C
준정부기관(위탁집행형),기타공공기관,ALIO_PLUS_기관정보,https://www.alioplus.go.kr/organization/organByTypeList.do?pageNo=1,N,0,0,0,30,C
출판유통통합전산망,기타공공기관,ALIO_PLUS_기관정보,https://www.alioplus.go.kr/organization/organByTypeList.do?pageNo=5,N,0,0,0,30,C
클린사업조성지원,기타공공기관,ALIO_PLUS_기관정보,https://www.alioplus.go.kr/organization/organByTypeList.do?pageNo=13,N,0,0,0,30,C
한국학종합정보서비스,공기업(준시장형),ALIO_PLUS_기관정보,https://www.alioplus.go.kr/organization/organByTypeList.do?pageNo=6,N,0,0,0,30,C
한의약 소재은행,기타공공기관,ALIO_PLUS_기관정보,https://www.alioplus.go.kr/organization/organByTypeList.do?pageNo=4,N,0,0,0,30,C
