기관명,기관유형,홈페이지URL,게시판URL,상태,상태설명,게시물후보,상세확인,기존확인건너뜀,최근게시물,제목매칭,본문매칭,상세오류,게시판후보수,게시판조회수,게시판검증수,선정점수,재시도대상,최종확인시각,홈페이지복구시도,홈페이지복구성공,복구URL,게시판판정,게시판판정근거,최고후보URL,최고후보점수
(사)남북교류협력지원협회,기타공공기관,https://www.sonosa.or.kr/,https://sonosa.or.kr/?menuno=12,CACHED_OR_SEED,기존 캐시/지정 게시판 확인,1,1,0,0,0,0,0,0,0,0,,아니오,2026-09-28T17:33:04.930822+09:00,아니오,아니오,,,,,
(재)예술경영지원센터,기타공공기관,http://www.gokams.or.kr/,https://www.gokams.or.kr:443/01_news/notice_list.aspx,CACHED_OR_SEED,기존 캐시/지정 게시판 확인,5,5,0,5,0,0,1,0,0,0,,아니오,2026-09-28T17:33:04.930822+09:00,아니오,아니오,,,,,
(재)우체국금융개발원,준정부기관(위탁집행형),https://www.posid.or.kr/,https://www.posid.or.kr/cyberpr/notice_list.do#,CACHED_OR_SEED,기존 캐시/지정 게시판 확인,10,10,0,6,0,0,0,0,0,0,,아니오,2026-09-28T17:33:04.930822+09:00,아니오,아니오,,,,,
(재)우체국물류지원단,준정부기관(위탁집행형),http://www.pola.or.kr/,https://www.pola.or.kr/web/cop/bbs/selectBoardList.do?pageIndex=1&searchCnd=&searchWrd=&bbsId=BBSMSTR_000000000018&nttId=11103,CANDIDATE_NOT_VERIFIED,게시판 후보는 있으나 실제 게시판 검증 실패,0,0,0,0,0,0,0,0,8,0,,예,2026-09-28T17:33:04.930822+09:00,아니오,아니오,,CANDIDATE_NOT_VERIFIED,,,
(재)우체국시설관리단,기타공공기관,http://www.poma.or.kr/,https://www.poma.or.kr/poma/notice.do?mode=list&article.offset=0&articleLimit=10,CACHED_OR_SEED,기존 캐시/지정 게시판 확인,10,10,0,10,0,0,0,0,0,0,,아니오,2026-09-28T17:33:04.930822+09:00,아니오,아니오,,,,,
(재)일제강제동원피해자지원재단,기타공공기관,https://www.fomo.or.kr/,https://www.fomo.or.kr/kor/article/ATCL8a5c4c5fb/1221?mno=&pageIndex=1&searchCondition=&searchKeyword=,CACHED_OR_SEED,기존 캐시/지정 게시판 확인,10,10,0,9,0,0,0,0,0,0,,아니오,2026-09-28T17:33:04.930822+09:00,아니오,아니오,,,,,
(재)축산환경관리원,기타공공기관,https://www.lemi.or.kr/,https://www.lemi.or.kr/board.do?boardno=24&menuno=71,CACHED_OR_SEED,기존 캐시/지정 게시판 확인,2,2,0,2,0,0,0,0,0,0,,아니오,2026-09-28T17:33:04.930822+09:00,아니오,아니오,,,,,
(재)한국보건의료정보원,기타공공기관,https://www.khis.kr/,https://www.khis.kr/board.es?mid=a10301000000&bid=0001,CACHED_OR_SEED,기존 캐시/지정 게시판 확인,6,6,0,6,0,2,2,0,0,0,,아니오,2026-09-28T17:33:04.930822+09:00,아니오,아니오,,,,,
(재)한국우편사업진흥원,기타공공기관,https://www.posa.or.kr/,https://www.posa.or.kr/portal/bbs/B0000008/list.do?menuNo=200157,CACHED_OR_SEED,기존 캐시/지정 게시판 확인,10,10,0,0,0,0,0,0,0,0,,아니오,2026-09-28T17:33:04.930822+09:00,아니오,아니오,,,,,
(재)한국통계정보원,기타공공기관,https://www.kosii.or.kr/,https://www.kosii.or.kr/kosii/dc/pstmng/dcNtcPstMngView.do?menuCd=DC0501000000&bbsId=BBS00000000000000045,CANDIDATE_NOT_VERIFIED,게시판 후보는 있으나 실제 게시판 검증 실패,0,0,0,0,0,0,0,0,8,0,,예,2026-09-28T17:33:04.930822+09:00,아니오,아니오,,CANDIDATE_NOT_VERIFIED,,,
(재)한국통계진흥원,기타공공기관,https://www.stat.or.kr/,https://www.stat.or.kr/community/news.php?admin_mode=read&amp;no=77&amp;make=&amp;search=&amp;notice_type=&amp;page=1,CACHED_OR_SEED,기존 캐시/지정 게시판 확인,10,10,0,10,0,0,0,0,0,0,,아니오,2026-09-28T17:33:04.930822+09:00,아니오,아니오,,,,,
(주)강원랜드,공기업(시장형),https://kangwonland.high1.com/,https://kangwonland.high1.com/kangwonland/selectBbsNttList.do?bbsNo=8&key=86,CACHED_OR_SEED,기존 캐시/지정 게시판 확인,10,10,0,9,0,0,0,0,0,0,,아니오,2026-09-28T17:33:04.930822+09:00,아니오,아니오,,,,,
(주)공영홈쇼핑,기타공공기관,https://www.gongyoung.kr/,https://www.gongyoung.kr/bbsList.do,CACHED_OR_SEED,기존 캐시/지정 게시판 확인,1,1,0,1,0,0,0,0,0,0,,아니오,2026-09-28T17:33:04.930822+09:00,아니오,아니오,,,,,
(주)한국가스기술공사,공기업(준시장형),https://www.kogas-tech.or.kr/,https://kogas-tech.or.kr/kor/board.do?menuIdx=213,HOME_ERROR,홈페이지 접속 실패,0,0,0,0,0,0,0,0,0,0,,예,2026-09-28T17:33:04.930822+09:00,아니오,아니오,,HOME_ERROR,,,
88관광개발(주),기타공공기관,https://www.88countryclub.co.kr/,https://www.88countryclub.co.kr/Board/BoardList.aspx?cfgid=notice,CACHED_OR_SEED,기존 캐시/지정 게시판 확인,10,10,0,10,0,0,0,0,0,0,,아니오,2026-09-28T17:33:04.930822+09:00,아니오,아니오,,,,,
KDI국제정책대학원,기타공공기관,https://www.kdischool.ac.kr/,https://www.kdischool.ac.kr/news/,CACHED_OR_SEED,기존 캐시/지정 게시판 확인,10,10,0,9,0,0,0,0,0,0,,아니오,2026-09-28T17:33:04.930822+09:00,아니오,아니오,,,,,
가덕도신공항건설공단,기타공공기관,https://www.g-airport.or.kr/,https://www.g-airport.or.kr/kor/bbsctt/list.do?key=2409020035,CACHED_OR_SEED,기존 캐시/지정 게시판 확인,10,10,0,8,0,0,0,0,0,0,,아니오,2026-09-28T17:33:04.930822+09:00,아니오,아니오,,,,,
가축위생방역지원본부,기타공공기관,https://www.lhca.or.kr/,https://www.lhca.or.kr/business/front/notice/noticeList.do?boardId=notice,HOME_ERROR,홈페이지 접속 실패,0,0,0,0,0,0,0,0,0,0,,예,2026-09-28T17:33:04.930822+09:00,아니오,아니오,,HOME_ERROR,,,
강원대학교병원,기타공공기관,https://www.knuh.or.kr/,https://www.knuh.or.kr/healthinfor/healthinfor_02_list.asp,CACHED_OR_SEED,기존 캐시/지정 게시판 확인,1,1,0,1,0,0,0,0,0,0,,아니오,2026-09-28T17:33:04.930822+09:00,아니오,아니오,,,,,
강원대학교치과병원,기타공공기관,http://www.knudh.or.kr/,https://www.knudh.or.kr/contents.asp?page=42,HOME_ERROR,홈페이지 접속 실패,0,0,0,0,0,0,0,0,0,0,,예,2026-09-28T17:33:04.930822+09:00,아니오,아니오,,HOME_ERROR,,,
건강보험심사평가원,준정부기관(위탁집행형),https://www.hira.or.kr/,https://www.hira.or.kr/bbsDummy.do?pgmid=HIRAA020002000100&WT.gnb=%EA%B3%B5%EC%A7%80%EC%82%AC%ED%95%AD,CANDIDATE_NOT_VERIFIED,게시판 후보는 있으나 실제 게시판 검증 실패,0,0,0,0,0,0,0,0,8,0,,예,2026-09-28T17:33:04.930822+09:00,아니오,아니오,,CANDIDATE_NOT_VERIFIED,,,
건설근로자공제회,기타공공기관,https://www.cw.or.kr/,https://www.cw.or.kr/board.do?boardConfigNo=29&menuNo=266&action=view&boardNo=34214,CACHED_OR_SEED,기존 캐시/지정 게시판 확인,4,4,0,4,0,0,0,0,0,0,,아니오,2026-09-28T17:33:04.930822+09:00,아니오,아니오,,,,,
건축공간연구원,기타공공기관,https://www.auri.re.kr/,https://www.auri.re.kr/board.es?mid=a10401010000&bid=0001,CACHED_OR_SEED,기존 캐시/지정 게시판 확인,4,4,0,4,0,0,0,0,0,0,,아니오,2026-09-28T17:33:04.930822+09:00,아니오,아니오,,,,,
게임물관리위원회,기타공공기관,https://www.grac.or.kr/,https://www.grac.or.kr/board/Inform.aspx,CACHED_OR_SEED,기존 캐시/지정 게시판 확인,2,2,0,0,0,0,0,0,0,0,,아니오,2026-09-28T17:33:04.930822+09:00,아니오,아니오,,,,,
경북대학교병원,기타공공기관,http://knuh.kr/,https://knuh.kr/index.asp,CACHED_OR_SEED,기존 캐시/지정 게시판 확인,10,10,0,10,0,0,2,0,0,0,,아니오,2026-09-28T17:33:04.930822+09:00,아니오,아니오,,,,,
경북대학교치과병원,기타공공기관,https://www.knudh.kr/,https://www.knudh.kr/index.php,CACHED_OR_SEED,기존 캐시/지정 게시판 확인,10,10,0,10,0,0,0,0,0,0,,아니오,2026-09-28T17:33:04.930822+09:00,아니오,아니오,,,,,
경상국립대학교병원,기타공공기관,http://www.gnuh.co.kr/,,HOME_ERROR,홈페이지 접속 실패,0,0,0,0,0,0,0,0,0,0,,예,2026-09-28T17:33:04.930822+09:00,아니오,아니오,,HOME_ERROR,,,
경제인문사회연구회,기타공공기관,https://www.nrc.re.kr/,https://www.nrc.re.kr/board.es?mid=a12101000000&bid=0001,CACHED_OR_SEED,기존 캐시/지정 게시판 확인,4,4,0,0,0,0,0,0,0,0,,아니오,2026-09-28T17:33:04.930822+09:00,아니오,아니오,,,,,
공간정보산업진흥원,기타공공기관,https://www.spacen.or.kr/,http://www.spacen.or.kr/ntct_yard/ntct_yard_select.do?txtMenu=01,CANDIDATE_NOT_VERIFIED,게시판 후보는 있으나 실제 게시판 검증 실패,0,0,0,0,0,0,0,0,8,0,,예,2026-09-28T17:33:04.930822+09:00,아니오,아니오,,CANDIDATE_NOT_VERIFIED,,,
공간정보품질관리원,기타공공기관,https://www.siqms.or.kr/,https://www.siqms.or.kr/M2001000/board.do,CACHED_OR_SEED,기존 캐시/지정 게시판 확인,10,10,0,9,0,0,0,0,0,0,,아니오,2026-09-28T17:33:04.930822+09:00,아니오,아니오,,,,,
공무원연금공단,준정부기관(기금관리형),https://www.geps.or.kr/,https://www.geps.or.kr/main,CACHED_OR_SEED,기존 캐시/지정 게시판 확인,10,10,0,5,0,0,0,0,0,0,,아니오,2026-09-28T17:33:04.930822+09:00,아니오,아니오,,,,,
과학기술사업화진흥원,기타공공기관,https://www.compa.re.kr/,https://www.compa.re.kr/cop/bbs/rnw/selectBoardList.do?bbsId=BBSMSTR_AAAAAAAAAAAA&goMenuNo=1231000,CANDIDATE_NOT_VERIFIED,게시판 후보는 있으나 실제 게시판 검증 실패,0,0,0,0,0,0,0,0,8,0,,예,2026-09-28T17:33:04.930822+09:00,아니오,아니오,,CANDIDATE_NOT_VERIFIED,,,
과학기술정책연구원,기타공공기관,https://www.stepi.re.kr/,https://www.stepi.re.kr/site/stepiko/ex/bbs/subJectList.do?cbIdx=1227,CACHED_OR_SEED,기존 캐시/지정 게시판 확인,1,1,0,0,0,0,0,0,0,0,,아니오,2026-09-28T17:33:04.930822+09:00,아니오,아니오,,,,,
국가과학기술인력개발원,기타공공기관,https://www.kird.re.kr/,https://www.kird.re.kr/notificationSpace/notice,CACHED_OR_SEED,기존 캐시/지정 게시판 확인,10,10,0,10,0,0,0,0,0,0,,아니오,2026-09-28T17:33:04.930822+09:00,아니오,아니오,,,,,
국가생명윤리정책원,기타공공기관,https://nibp.kr/,https://nibp.kr/board/notice,CACHED_OR_SEED,기존 캐시/지정 게시판 확인,6,6,0,4,0,0,0,0,0,0,,아니오,2026-09-28T17:33:04.930822+09:00,아니오,아니오,,,,,
국가수리과학연구소,기타공공기관,http://www.nims.re.kr/,https://www.nims.re.kr/promote/post/news,CACHED_OR_SEED,기존 캐시/지정 게시판 확인,10,10,0,9,0,0,0,0,0,0,,아니오,2026-09-28T17:33:04.930822+09:00,아니오,아니오,,,,,
국가아동권리보장원,기타공공기관,https://www.ncrc.or.kr/,https://www.ncrc.or.kr/ncrc/na/ntt/selectNttList.do?mi=1053&bbsId=1021,CANDIDATE_NOT_VERIFIED,게시판 후보는 있으나 실제 게시판 검증 실패,0,0,0,0,0,0,0,0,8,0,,예,2026-09-28T17:33:04.930822+09:00,아니오,아니오,,CANDIDATE_NOT_VERIFIED,,,
국가유산진흥원,기타공공기관,https://www.kh.or.kr/,https://www.kh.or.kr/brd/board/644/L/SITES/100/menu/371?brdCodeField=SITES&brdCodeValue=100,CACHED_OR_SEED,기존 캐시/지정 게시판 확인,10,10,0,7,0,0,3,0,0,0,,아니오,2026-09-28T17:33:04.930822+09:00,아니오,아니오,,,,,
국가철도공단,준정부기관(위탁집행형),https://www.kr.or.kr/,https://www.kr.or.kr/boardCnts/list.do?boardID=51,HOME_ERROR,홈페이지 접속 실패,0,0,0,0,0,0,0,0,0,0,,예,2026-09-28T17:33:04.930822+09:00,아니오,아니오,,HOME_ERROR,,,
국가평생교육진흥원,기타공공기관,https://www.nile.or.kr/,https://www.nile.or.kr/usr/wap/list.do?app=11626&listAll=Y&lang=ko,CACHED_OR_SEED,기존 캐시/지정 게시판 확인,10,10,0,9,0,0,0,0,0,0,,아니오,2026-09-28T17:33:04.930822+09:00,아니오,아니오,,,,,
국립공원공단,준정부기관(위탁집행형),https://www.knps.or.kr/,https://www.knps.or.kr/front/portal/open/pnewsList.do?pnewsGrpCd=BBS01&menuNo=7020013,CANDIDATE_NOT_VERIFIED,게시판 후보는 있으나 실제 게시판 검증 실패,0,0,0,0,0,0,0,0,8,0,,예,2026-09-28T17:33:04.930822+09:00,아니오,아니오,,CANDIDATE_NOT_VERIFIED,,,
국립광주과학관,기타공공기관,https://www.sciencecenter.or.kr/,https://www.sciencecenter.or.kr/kor/menu/sub.do?menuId=20_64,CANDIDATE_NOT_VERIFIED,게시판 후보는 있으나 실제 게시판 검증 실패,0,0,0,0,0,0,0,0,8,0,,예,2026-09-28T17:33:04.930822+09:00,아니오,아니오,,CANDIDATE_NOT_VERIFIED,,,
국립낙동강생물자원관,기타공공기관,https://www.nnibr.re.kr/,https://www.nnibr.re.kr/index.do?menu_id=00000342&servletPath=%2Findex.do,CACHED_OR_SEED,기존 캐시/지정 게시판 확인,10,10,0,10,0,0,3,0,0,0,,아니오,2026-09-28T17:33:04.930822+09:00,아니오,아니오,,,,,
국립농업박물관,기타공공기관,https://namuk.or.kr/,https://namuk.or.kr/kr/1332/subview.do?enc=Zm5jdDF8QEB8JTJGYmJzJTJGa3IlMkY5NSUyRmFydGNsTGlzdC5kbyUzRg%3D%3D,CANDIDATE_NOT_VERIFIED,게시판 후보는 있으나 실제 게시판 검증 실패,0,0,0,0,0,0,0,0,8,0,,예,2026-09-28T17:33:04.930822+09:00,아니오,아니오,,CANDIDATE_NOT_VERIFIED,,,
국립대구과학관,기타공공기관,https://www.dnsm.or.kr/,,CANDIDATE_NOT_VERIFIED,게시판 후보는 있으나 실제 게시판 검증 실패,0,0,0,0,0,0,0,0,8,0,,예,2026-09-28T17:33:04.930822+09:00,아니오,아니오,,CANDIDATE_NOT_VERIFIED,,,
국립박물관문화재단,기타공공기관,https://www.nmf.or.kr/,https://www.nmf.or.kr/user/board/20180830162104393100_list.do,CANDIDATE_NOT_VERIFIED,게시판 후보는 있으나 실제 게시판 검증 실패,0,0,0,0,0,0,0,0,8,0,,예,2026-09-28T17:33:04.930822+09:00,아니오,아니오,,CANDIDATE_NOT_VERIFIED,,,
국립부산과학관,기타공공기관,http://www.sciport.or.kr/,https://www.sciport.or.kr/kor/CMS/Board/Board.do?mCode=MN044&searchCategory=001,HOME_ERROR,홈페이지 접속 실패,0,0,0,0,0,0,0,0,0,0,,예,2026-09-28T17:33:04.930822+09:00,아니오,아니오,,HOME_ERROR,,,
국립생태원,준정부기관(위탁집행형),http://www.nie.re.kr/,https://www.nie.re.kr/nie/bbs/BMSR00028/list.do?menuNo=200097,CACHED_OR_SEED,기존 캐시/지정 게시판 확인,10,10,0,5,0,0,0,0,0,0,,아니오,2026-09-28T17:33:04.930822+09:00,아니오,아니오,,,,,
국립아시아문화전당재단,기타공공기관,https://www.accf.or.kr/,https://www.accf.or.kr/main/board/notice,CACHED_OR_SEED,기존 캐시/지정 게시판 확인,10,10,0,9,0,0,0,0,0,0,,아니오,2026-09-28T17:33:04.930822+09:00,아니오,아니오,,,,,
국립암센터,기타공공기관,https://www.ncc.re.kr/,https://ncc.re.kr/boardView.ncc?uri=notice07&ntcId=7471&searchKey=total&searchValue=&pageNum=1,CACHED_OR_SEED,기존 캐시/지정 게시판 확인,10,10,0,9,0,0,1,0,0,0,,아니오,2026-09-28T17:33:04.930822+09:00,아니오,아니오,,,,,
국립울진해양과학관,기타공공기관,https://www.kosm.or.kr/,https://www.kosm.or.kr/kosm/bbs/board.do?bbsId=BSD0001,CANDIDATE_NOT_VERIFIED,게시판 후보는 있으나 실제 게시판 검증 실패,0,0,0,0,0,0,0,0,8,0,,예,2026-09-28T17:33:04.930822+09:00,아니오,아니오,,CANDIDATE_NOT_VERIFIED,,,
국립인천해양박물관,기타공공기관,https://www.inmm.or.kr/,https://www.inmm.or.kr/doc/ko/selectDocList.do?menuSeq=3598&bbsSeq=153,CACHED_OR_SEED,기존 캐시/지정 게시판 확인,2,2,0,1,0,0,0,0,0,0,,아니오,2026-09-28T17:33:04.930822+09:00,아니오,아니오,,,,,
국립중앙의료원,기타공공기관,https://www.nmc.or.kr/,https://www.nmc.or.kr/nmc/medicalDept/deptList,CACHED_OR_SEED,기존 캐시/지정 게시판 확인,10,10,0,10,0,0,0,0,0,0,,아니오,2026-09-28T17:33:04.930822+09:00,아니오,아니오,,,,,
국립항공박물관,기타공공기관,https://wwww.aviation.or.kr/,https://www.aviation.or.kr/board.do?boardno=24&menuno=68,CACHED_OR_SEED,기존 캐시/지정 게시판 확인,3,3,0,3,0,0,0,0,0,0,,아니오,2026-09-28T17:33:04.930822+09:00,아니오,아니오,,,,,
국립해양박물관,기타공공기관,https://www.mmk.or.kr/,https://www.mmk.or.kr/kr/?folder=bbs&page=list&board_id=notice,CACHED_OR_SEED,기존 캐시/지정 게시판 확인,4,4,0,3,0,0,0,0,0,0,,아니오,2026-09-28T17:33:04.930822+09:00,아니오,아니오,,,,,
국립해양생물자원관,기타공공기관,https://www.mabik.re.kr/,https://www.mmk.or.kr/kr/?folder=bbs&page=list&board_id=notice,CACHED_OR_SEED,기존 캐시/지정 게시판 확인,10,10,0,7,0,0,0,0,0,0,,아니오,2026-09-28T17:33:04.930822+09:00,아니오,아니오,,,,,
국립호남권생물자원관,기타공공기관,http://hnibr.re.kr/,https://www.hnibr.re.kr/ko/M000000454/bbs/list,CACHED_OR_SEED,기존 캐시/지정 게시판 확인,5,5,0,5,0,0,0,0,0,0,,아니오,2026-09-28T17:33:04.930822+09:00,아니오,아니오,,,,,
국민건강보험공단,준정부기관(위탁집행형),https://www.nhis.or.kr/,https://www.nhis.or.kr/nhis/together/wbhaea01000m01.do,CANDIDATE_NOT_VERIFIED,게시판 후보는 있으나 실제 게시판 검증 실패,0,0,0,0,0,0,0,0,8,0,,예,2026-09-28T17:33:04.930822+09:00,아니오,아니오,,CANDIDATE_NOT_VERIFIED,,,
국민건강보험공단 일산병원,준정부기관(위탁집행형),https://www.nhimc.or.kr/,https://www.nhimc.or.kr/board/commBoardNoticeView.do?no=12079,CACHED_OR_SEED,기존 캐시/지정 게시판 확인,10,10,0,9,0,0,0,0,0,0,,아니오,2026-09-28T17:33:04.930822+09:00,아니오,아니오,,,,,
국민연금공단,준정부기관(기금관리형),https://www.nps.or.kr/,https://www.nps.or.kr/pnsgdnc/newgdnc/getOHAE0001M0List.do?menuId=MN24000897,CACHED_OR_SEED,기존 캐시/지정 게시판 확인,10,10,0,7,0,0,0,0,0,0,,아니오,2026-09-28T17:33:04.930822+09:00,아니오,아니오,,,,,
국방과학연구소,기타공공기관,https://www.add.re.kr/,https://www.add.re.kr/board?menuId=MENU02198&siteId=SITE00002,CANDIDATE_NOT_VERIFIED,게시판 후보는 있으나 실제 게시판 검증 실패,0,0,0,0,0,0,0,0,8,0,,예,2026-09-28T17:33:04.930822+09:00,아니오,아니오,,CANDIDATE_NOT_VERIFIED,,,
국방기술진흥연구소,기타공공기관,https://www.krit.re.kr/,https://krit.re.kr/krit/bbs/notice_list.do?gotoMenuNo=05010000,CANDIDATE_NOT_VERIFIED,게시판 후보는 있으나 실제 게시판 검증 실패,0,0,0,0,0,0,0,0,8,0,,예,2026-09-28T17:33:04.930822+09:00,아니오,아니오,,CANDIDATE_NOT_VERIFIED,,,
국방기술품질원,기타공공기관,https://www.dtaq.re.kr/,https://www.dtaq.re.kr/ko/notice/notice.jsp,CACHED_OR_SEED,기존 캐시/지정 게시판 확인,4,4,0,4,0,0,0,0,0,0,,아니오,2026-09-28T17:33:04.930822+09:00,아니오,아니오,,,,,
국방전직교육원,기타공공기관,https://www.moti.or.kr/,https://www.moti.or.kr/main/cs/notice?viewSize=10&page=1&SearchType=Title&SearchValue=,HOME_ERROR,홈페이지 접속 실패,0,0,0,0,0,0,0,0,0,0,,예,2026-09-28T17:33:04.930822+09:00,아니오,아니오,,HOME_ERROR,,,
국악방송,기타공공기관,https://www.igbf.kr/,https://new.igbf.kr/,CACHED_OR_SEED,기존 캐시/지정 게시판 확인,2,2,0,1,0,0,1,0,0,0,,아니오,2026-09-28T17:33:04.930822+09:00,아니오,아니오,,,,,
국제방송교류재단,기타공공기관,https://www.arirang.com/,,CANDIDATE_NOT_VERIFIED,게시판 후보는 있으나 실제 게시판 검증 실패,0,0,0,0,0,0,0,0,8,0,,예,2026-09-28T17:33:04.930822+09:00,아니오,아니오,,CANDIDATE_NOT_VERIFIED,,,
국제식물검역인증원,기타공공기관,https://www.ipab.or.kr/,https://www.ipab.or.kr/kor/CMS/Board/Board.do?mCode=MN068,CACHED_OR_SEED,기존 캐시/지정 게시판 확인,10,10,0,10,0,0,0,0,0,0,,아니오,2026-09-28T17:33:04.930822+09:00,아니오,아니오,,,,,
국토교통과학기술진흥원,기타공공기관,https://www.kaia.re.kr/,https://www.kaia.re.kr/portal/bbs/list/B0000006.do?menuNo=200108,CANDIDATE_NOT_VERIFIED,게시판 후보는 있으나 실제 게시판 검증 실패,0,0,0,0,0,0,0,0,8,0,,예,2026-09-28T17:33:04.930822+09:00,아니오,아니오,,CANDIDATE_NOT_VERIFIED,,,
국토안전관리원,준정부기관(위탁집행형),http://www.kalis.or.kr/,https://www.kalis.or.kr/www/brd/m_47/list.do,CANDIDATE_NOT_VERIFIED,게시판 후보는 있으나 실제 게시판 검증 실패,0,0,0,0,0,0,0,0,8,0,,예,2026-09-28T17:33:04.930822+09:00,아니오,아니오,,CANDIDATE_NOT_VERIFIED,,,
국토연구원,기타공공기관,http://www.krihs.re.kr/,https://www.krihs.re.kr/board.es?mid=a10604000000&bid=0018,CACHED_OR_SEED,기존 캐시/지정 게시판 확인,10,10,0,8,0,0,2,0,0,0,,아니오,2026-09-28T17:33:04.930822+09:00,아니오,아니오,,,,,
그랜드코리아레저(주),공기업(준시장형),https://www.grandkorea.com/,https://www.grandkorea.com/NOTI_01/default?TMENUID=US_INTR&SMENUID=US_INTR_06&MMENUID=US_INTR_06_01&sel_lang_typ=KR,CANDIDATE_NOT_VERIFIED,게시판 후보는 있으나 실제 게시판 검증 실패,0,0,0,0,0,0,0,0,8,0,,예,2026-09-28T17:33:04.930822+09:00,아니오,아니오,,CANDIDATE_NOT_VERIFIED,,,
극지연구소,기타공공기관,https://www.kopri.re.kr/,https://www.kopri.re.kr/kopri/html/comm/0401.html,CACHED_OR_SEED,기존 캐시/지정 게시판 확인,10,10,0,10,0,0,3,0,0,0,,아니오,2026-09-28T17:33:04.930822+09:00,아니오,아니오,,,,,
근로복지공단,준정부기관(기금관리형),https://www.comwel.or.kr/,https://www.comwel.or.kr/comwel/noti/noti.jsp,HOME_ERROR,홈페이지 접속 실패,0,0,0,0,0,0,0,0,0,0,,예,2026-09-28T17:33:04.930822+09:00,아니오,아니오,,HOME_ERROR,,,
기술보증기금,준정부기관(기금관리형),https://www.kibo.or.kr/,https://www.kibo.or.kr/main/board/boardType01.do,HOME_ERROR,홈페이지 접속 실패,0,0,0,0,0,0,0,0,0,0,,예,2026-09-28T17:33:04.930822+09:00,아니오,아니오,,HOME_ERROR,,,
기초과학연구원,기타공공기관,http://ibs.re.kr/,https://ibs.re.kr/cop/bbs/BBSMSTR_000000000773/selectBoardList.do,CACHED_OR_SEED,기존 캐시/지정 게시판 확인,10,10,0,8,0,0,0,0,0,0,,아니오,2026-09-28T17:33:04.930822+09:00,아니오,아니오,,,,,
노사발전재단,기타공공기관,https://www.nosa.or.kr/,https://www.nosa.or.kr/portal/nosa/FoundNews/bizNotice,CACHED_OR_SEED,기존 캐시/지정 게시판 확인,10,10,0,10,0,0,0,0,0,0,,아니오,2026-09-28T17:33:04.930822+09:00,아니오,아니오,,,,,
농림수산식품교육문화정보원,기타공공기관,https://www.epis.or.kr/,https://www.epis.or.kr/bbs/list.do?key=2604210075,CANDIDATE_NOT_VERIFIED,게시판 후보는 있으나 실제 게시판 검증 실패,0,0,0,0,0,0,0,0,8,0,,예,2026-09-28T17:33:04.930822+09:00,아니오,아니오,,CANDIDATE_NOT_VERIFIED,,,
농림식품기술기획평가원,기타공공기관,https://www.ipet.re.kr/,https://www.ipet.re.kr/Notice/NoticeLV.asp,CACHED_OR_SEED,기존 캐시/지정 게시판 확인,10,10,0,7,0,0,0,0,0,0,,아니오,2026-09-28T17:33:04.930822+09:00,아니오,아니오,,,,,
농업정책보험금융원,기타공공기관,https://www.apfs.kr/,https://www.apfs.kr/front/board/boardContentsListPage.do?boardId=10026&menuId=41&t=9#none,CACHED_OR_SEED,기존 캐시/지정 게시판 확인,10,10,0,9,0,0,0,0,0,0,,아니오,2026-09-28T17:33:04.930822+09:00,아니오,아니오,,,,,
대구경북첨단의료산업진흥재단,기타공공기관,https://www.kmedihub.re.kr/,https://www.kmedihub.re.kr/index.do?menu_id=00000063,CACHED_OR_SEED,기존 캐시/지정 게시판 확인,10,10,0,8,0,0,4,0,0,0,,아니오,2026-09-28T17:33:04.930822+09:00,아니오,아니오,,,,,
대외경제정책연구원,기타공공기관,https://www.kiep.go.kr/,https://www.kiep.go.kr/board.es?mid=a10501000000&bid=0023,CACHED_OR_SEED,기존 캐시/지정 게시판 확인,4,4,0,4,0,0,1,0,0,0,,아니오,2026-09-28T17:33:04.930822+09:00,아니오,아니오,,,,,
대한무역투자진흥공사,준정부기관(위탁집행형),http://www.kotra.or.kr/,https://www.kotra.or.kr/subList/41000022001,CACHED_OR_SEED,기존 캐시/지정 게시판 확인,10,10,0,7,0,0,2,0,0,0,,아니오,2026-09-28T17:33:04.930822+09:00,아니오,아니오,,,,,
대한법률구조공단,기타공공기관,https://www.klac.or.kr/,https://www.klac.or.kr/notification/notice/selectNoticeList.do?boardCode=32,HOME_ERROR,홈페이지 접속 실패,0,0,0,0,0,0,0,0,0,0,,예,2026-09-28T17:33:04.930822+09:00,아니오,아니오,,HOME_ERROR,,,
대한석탄공사,기타공공기관,https://www.kocoal.or.kr/,https://www.kocoal.or.kr/board/board_list.php?board_name=news&search_category=%EA%B3%B5%EC%A7%80%EC%82%AC%ED%95%AD,CACHED_OR_SEED,기존 캐시/지정 게시판 확인,10,10,0,9,0,0,0,0,0,0,,아니오,2026-09-28T17:33:04.930822+09:00,아니오,아니오,,,,,
대한장애인체육회,기타공공기관,http://www.koreanpc.kr/,https://www.koreanpc.kr/coc/CocNotiNtc?bbsId=BBS0000001,HOME_ERROR,홈페이지 접속 실패,0,0,0,0,0,0,0,0,0,0,,예,2026-09-28T17:33:04.930822+09:00,아니오,아니오,,HOME_ERROR,,,
대한적십자사,기타공공기관,https://www.redcross.or.kr/,https://www.redcross.or.kr/main/pt/pst/selectPstList.do?mi=2524&bbsId=1513,CACHED_OR_SEED,기존 캐시/지정 게시판 확인,10,10,0,8,0,0,0,0,0,0,,아니오,2026-09-28T17:33:04.930822+09:00,아니오,아니오,,,,,
대한체육회,기타공공기관,https://www.sports.or.kr/,https://www.sports.or.kr/sports/bbs/BMSR00017/list.do?menuNo=200023,CACHED_OR_SEED,기존 캐시/지정 게시판 확인,10,10,0,6,0,0,0,0,0,0,,아니오,2026-09-28T17:33:04.930822+09:00,아니오,아니오,,,,,
독립기념관,기타공공기관,https://www.i815.or.kr/,https://i815.or.kr/2018/eventApply/eventList.do;jsessionid=79A3830143781825F33647CD35560C2E,CACHED_OR_SEED,기존 캐시/지정 게시판 확인,10,10,0,6,0,0,0,0,0,0,,아니오,2026-09-28T17:33:04.930822+09:00,아니오,아니오,,,,,
동남권원자력의학원,기타공공기관,https://www.dirams.re.kr/,https://www.dirams.re.kr/kor/submenu.do?menuUrl=aI4A%2bH2x9eItZ%2ft2pXFHhg%3d%3d&,CACHED_OR_SEED,기존 캐시/지정 게시판 확인,1,1,0,0,0,0,0,0,0,0,,아니오,2026-09-28T17:33:04.930822+09:00,아니오,아니오,,,,,
동북아역사재단,기타공공기관,https://www.nahf.or.kr/,https://www.nahf.or.kr/web/portal/bbs/1978/list,CACHED_OR_SEED,기존 캐시/지정 게시판 확인,3,3,0,1,0,0,0,0,0,0,,아니오,2026-09-28T17:33:04.930822+09:00,아니오,아니오,,,,,
무역안보관리원,기타공공기관,https://www.kosti.or.kr/,https://www.kosti.or.kr/brd/board/222/L/menu/306,CACHED_OR_SEED,기존 캐시/지정 게시판 확인,1,1,0,0,0,0,0,0,0,0,,아니오,2026-09-28T17:33:04.930822+09:00,아니오,아니오,,,,,
민주화운동기념사업회,기타공공기관,https://www.kdemo.or.kr/,https://www.kdemo.or.kr/board/ntc/ntcListPage.do?id=1,CANDIDATE_NOT_VERIFIED,게시판 후보는 있으나 실제 게시판 검증 실패,0,0,0,0,0,0,0,0,8,0,,예,2026-09-28T17:33:04.930822+09:00,아니오,아니오,,CANDIDATE_NOT_VERIFIED,,,
부산대학교병원,기타공공기관,http://www.pnuh.or.kr/,http://www.pnuh.or.kr/pnuh/hospital/forum/notice.do,CACHED_OR_SEED,기존 캐시/지정 게시판 확인,10,10,0,10,0,0,0,0,0,0,,아니오,2026-09-28T17:33:04.930822+09:00,아니오,아니오,,,,,
부산대학교치과병원,기타공공기관,https://www.pnudh.co.kr/,,CANDIDATE_NOT_VERIFIED,게시판 후보는 있으나 실제 게시판 검증 실패,0,0,0,0,0,0,0,0,8,0,,예,2026-09-28T17:33:04.930822+09:00,아니오,아니오,,CANDIDATE_NOT_VERIFIED,,,
부산항만공사,기타공공기관,https://busanpa.com/,https://busanpa.com/board/list.bpa?boardId=BBS_0000027&menuCd=DOM_000000105001001000&contentsSid=27,CACHED_OR_SEED,기존 캐시/지정 게시판 확인,10,10,0,10,0,0,0,0,0,0,,아니오,2026-09-28T17:33:04.930822+09:00,아니오,아니오,,,,,
북한이탈주민지원재단,기타공공기관,https://www.koreahana.or.kr/,https://www.koreahana.or.kr/home/kor/board.do?ptSignature=QnrvtOekxiPklgsn74dfsVImuOs9UWjtpcaT8fVlehAwAepQkbpDWGDxRw1klX8L7qxnZKKO6VZcig5ATzYesrixIK3zR1TIsCMzmWtvT96xFOsOJSIVpa9ruhH8s7X3wh4%2FAzAb%2BZhRnO2qsbjWFPv5kW7Z7%2Bt04ZfcSN6EpHjxiQOD2oC9%2BI5gDYoZws0M5dSD2XA9u3tdIG0iZFACnNumW04UOh18nqcCl0TMOXMtHAwX3D5RAkVYU2BkR%2FXGCSxkyedb083MFmWQVjyZk2xmNhI%2FufkIsR48Wnzust%2FDh8Hk7I8Oh7%2BXWzO%2Bxz0noMznMZWhkzYKgo%2B8PcrOjR6f0htwpOrdYinBnJ1%2BbyR2BXgltgitkREFG1UmZjYa%2BlS4fClqepaqLJVqbvtdRzbz885bXcoFCCGZ5acdQJr3Fpg%2Feh%2F7QzCqm%2FuuCxJTmNy9CiIisIWgh8J5C5OVZgPySpxn9gh7KIZAYg4jBd9se33ldqJ8zXsMIGtnAujDOsT2TBLL1Ie8c3bnZVQSUa96Mm41HwvSZYQwApR%2FlFbvVtPeb7%2BsTarB9%2FPrkDbwZyb2I0Y8iUG%2FpVYZEbmAU7UefmNiH3QwAuDAR63qyubP5xStouinfZoL5XKqPMUc%2F8vt6FgncxJEn5%2FD4t9p0ue9cQfCiKvVpMO5Y4%2FcNqCZiTWshxnSxn%2BOjaycEYLe&menuPos=53&pageIndex=1&searchDate1=&searchDate2=&searchDate3=&searchDate4=&searchDate5=&searchDate6=&searchDate7=&searchDate8=&searchValue1=&searchValue2=&searchValue3=&searchValue4=&searchValue5=&searchValue6=&searchValue7=&searchValue8=&searchValue9=&searchValue10=&searchKeyword=,CANDIDATE_NOT_VERIFIED,게시판 후보는 있으나 실제 게시판 검증 실패,0,0,0,0,0,0,0,0,8,0,,예,2026-09-28T17:33:04.930822+09:00,아니오,아니오,,CANDIDATE_NOT_VERIFIED,,,
분당서울대학교병원,기타공공기관,https://www.snubh.org/,https://www.snubh.org/intro/news/noti/list.do,CACHED_OR_SEED,기존 캐시/지정 게시판 확인,10,10,0,7,0,0,1,0,0,0,,아니오,2026-09-28T17:33:04.930822+09:00,아니오,아니오,,,,,
사립학교교직원연금공단,기타공공기관,https://www.tp.or.kr/,https://www.tp.or.kr/tp-kr/bbs/i-151/list.do,CANDIDATE_NOT_VERIFIED,게시판 후보는 있으나 실제 게시판 검증 실패,0,0,0,0,0,0,0,0,8,0,,예,2026-09-28T17:33:04.930822+09:00,아니오,아니오,,CANDIDATE_NOT_VERIFIED,,,
산업연구원,기타공공기관,https://www.kiet.re.kr/,https://www.kiet.re.kr/communicate/ntcList,CACHED_OR_SEED,기존 캐시/지정 게시판 확인,10,10,0,8,0,0,0,0,0,0,,아니오,2026-09-28T17:33:04.930822+09:00,아니오,아니오,,,,,
새만금개발공사,기타공공기관,https://www.sdco.or.kr/,https://www.sdco.or.kr/board.es?mid=a10601010000&bid=0006,CACHED_OR_SEED,기존 캐시/지정 게시판 확인,10,10,0,9,0,0,0,0,0,0,,아니오,2026-09-28T17:33:04.930822+09:00,아니오,아니오,,,,,
서민금융진흥원,기타공공기관,https://www.kinfa.or.kr/,https://www.kinfa.or.kr/notificationPromotion/notice.do,CANDIDATE_NOT_VERIFIED,게시판 후보는 있으나 실제 게시판 검증 실패,0,0,0,0,0,0,0,0,8,0,,예,2026-09-28T17:33:04.930822+09:00,아니오,아니오,,CANDIDATE_NOT_VERIFIED,,,
서울대학교병원,기타공공기관,http://snuh.org/,https://www.snuh.org/global/en/about/newsList.do,CACHED_OR_SEED,기존 캐시/지정 게시판 확인,6,6,0,0,0,0,0,0,0,0,,아니오,2026-09-28T17:33:04.930822+09:00,아니오,아니오,,,,,
서울대학교치과병원,기타공공기관,http://www.snudh.org/,https://www.snudh.org/portal/bbs/selectBoardList.do?bbsId=BBSMSTR_000000000253&menuNo=29060212,CACHED_OR_SEED,기존 캐시/지정 게시판 확인,2,2,0,2,0,0,0,0,0,0,,아니오,2026-09-28T17:33:04.930822+09:00,아니오,아니오,,,,,
서울올림픽기념국민체육진흥공단,준정부기관(기금관리형),https://www.kspo.or.kr/,https://www.kspo.or.kr/kspo/bbs/B0000027/list.do?menuNo=200149,CACHED_OR_SEED,기존 캐시/지정 게시판 확인,6,6,0,6,0,0,1,0,0,0,,아니오,2026-09-28T17:33:04.930822+09:00,아니오,아니오,,,,,
서울요양원,준정부기관(위탁집행형),https://www.서울요양원.kr/,https://www.xn--2i4bo5fgwadewe.kr/sgcf/SGCFNews/Notice/,CACHED_OR_SEED,기존 캐시/지정 게시판 확인,10,10,0,9,0,0,0,0,0,0,,아니오,2026-09-28T17:33:04.930822+09:00,아니오,아니오,,,,,
선박해양플랜트연구소,기타공공기관,https://www.kriso.re.kr/,https://www.kriso.re.kr/board.es?mid=a10401000000&bid=0010,CACHED_OR_SEED,기존 캐시/지정 게시판 확인,6,6,0,5,0,0,0,0,0,0,,아니오,2026-09-28T17:33:04.930822+09:00,아니오,아니오,,,,,
세종학당재단,기타공공기관,http://www.ksif.or.kr/,https://www.ksif.or.kr/cop/bbs/selectBoardList.do?bbsId=BBSMSTR_000000000001&menuNo=30101100,CACHED_OR_SEED,기존 캐시/지정 게시판 확인,10,10,0,8,0,0,0,0,0,0,,아니오,2026-09-28T17:33:04.930822+09:00,아니오,아니오,,,,,
소상공인시장진흥공단,준정부기관(기금관리형),https://www.semas.or.kr/,https://www.semas.or.kr/web/board/webBoardList.kmdc?bCd=1&schCat=&rlIdx=&schCon=&schStr=&page=&pNm=BOA0101,HOME_ERROR,홈페이지 접속 실패,0,0,0,0,0,0,0,0,0,0,,예,2026-09-28T17:33:04.930822+09:00,아니오,아니오,,HOME_ERROR,,,
소프트웨어정책연구소,기타공공기관,https://www.spri.kr/,https://www.spri.kr/posts?code=notice,CACHED_OR_SEED,기존 캐시/지정 게시판 확인,10,10,0,10,0,0,0,0,0,0,,아니오,2026-09-28T17:33:04.930822+09:00,아니오,아니오,,,,,
수도권매립지관리공사,기타공공기관,http://www.slc.or.kr/,https://www.slc.or.kr/slc/ni/bbs/notice.do#/eyJ3ZWJQYWdlTm8iOiIzMDAiLCJ0YWJObyI6MH0=,CANDIDATE_NOT_VERIFIED,게시판 후보는 있으나 실제 게시판 검증 실패,0,0,0,0,0,0,0,0,8,0,,예,2026-09-28T17:33:04.930822+09:00,아니오,아니오,,CANDIDATE_NOT_VERIFIED,,,
스포츠윤리센터,기타공공기관,https://www.k-sec.or.kr/,https://www.k-sec.or.kr/ste/page.do?bId=5&type=B,CACHED_OR_SEED,기존 캐시/지정 게시판 확인,10,10,0,10,0,0,0,0,0,0,,아니오,2026-09-28T17:33:04.930822+09:00,아니오,아니오,,,,,
시청자미디어재단,기타공공기관,https://www.kcmf.or.kr/,https://kcmf.or.kr/KCMF/contents/KCMF020100.do,CACHED_OR_SEED,기존 캐시/지정 게시판 확인,1,1,0,1,0,1,0,0,0,0,,아니오,2026-09-28T17:33:04.930822+09:00,아니오,아니오,,,,,
식품안전정보원,기타공공기관,http://www.foodinfo.or.kr/,https://m.foodinfo.or.kr/portal/bbs/selectBoardList.do,CANDIDATE_NOT_VERIFIED,게시판 후보는 있으나 실제 게시판 검증 실패,0,0,0,0,0,0,0,0,8,0,,예,2026-09-28T17:33:04.930822+09:00,아니오,아니오,,CANDIDATE_NOT_VERIFIED,,,
신용보증기금,준정부기관(기금관리형),http://www.kodit.co.kr/,https://www.kodit.or.kr/kodit/na/ntt/selectNttList.do?mi=2638&bbsId=148,CANDIDATE_NOT_VERIFIED,게시판 후보는 있으나 실제 게시판 검증 실패,0,0,0,0,0,0,0,0,8,0,,예,2026-09-28T17:33:04.930822+09:00,아니오,아니오,,CANDIDATE_NOT_VERIFIED,,,
신용보증재단중앙회,기타공공기관,http://www.koreg.or.kr/,https://www.koreg.or.kr/koreg/na/ntt/selectNttList.do?mi=1026&bbsId=1031,CANDIDATE_NOT_VERIFIED,게시판 후보는 있으나 실제 게시판 검증 실패,0,0,0,0,0,0,0,0,8,0,,예,2026-09-28T17:33:04.930822+09:00,아니오,아니오,,CANDIDATE_NOT_VERIFIED,,,
아시아·태평양경제협력체 기후센터,기타공공기관,https://www.apcc21.org/,https://www.apcc21.org/board/BBSMSTR_000000000016?lang=ko,CACHED_OR_SEED,기존 캐시/지정 게시판 확인,4,4,0,4,0,0,0,0,0,0,,아니오,2026-09-28T17:33:04.930822+09:00,아니오,아니오,,,,,
양육비이행관리원,기타공공기관,https://www.childsupport.or.kr/,https://www.childsupport.or.kr/lay1/program/S1T27C28/front/board.do?sa=list&bid=1,CACHED_OR_SEED,기존 캐시/지정 게시판 확인,1,1,0,0,0,0,0,0,0,0,,아니오,2026-09-28T17:33:04.930822+09:00,아니오,아니오,,,,,
에너지경제연구원,기타공공기관,https://www.keei.re.kr/,https://www.keei.re.kr/board.es?mid=a10201010000&bid=0005,CACHED_OR_SEED,기존 캐시/지정 게시판 확인,3,3,0,2,0,0,0,0,0,0,,아니오,2026-09-28T17:33:04.930822+09:00,아니오,아니오,,,,,
여수광양항만공사,기타공공기관,https://www.ygpa.or.kr/,https://www.ygpa.or.kr/hmpg/ygpa/comu/noti/bordContListPage.do?bbs_no=191,CANDIDATE_NOT_VERIFIED,게시판 후보는 있으나 실제 게시판 검증 실패,0,0,0,0,0,0,0,0,8,0,,예,2026-09-28T17:33:04.930822+09:00,아니오,아니오,,CANDIDATE_NOT_VERIFIED,,,
연구개발특구진흥재단,기타공공기관,https://www.innopolis.or.kr/,https://www.innopolis.or.kr/board?menuId=MENU00318&siteId=null,CACHED_OR_SEED,기존 캐시/지정 게시판 확인,6,6,0,6,0,0,0,0,0,0,,아니오,2026-09-28T17:33:04.930822+09:00,아니오,아니오,,,,,
영상물등급위원회,기타공공기관,https://www.kmrb.or.kr/,https://www.kmrb.or.kr/main/na/ntt/selectNttList.do?mi=1110&bbsId=1008,CACHED_OR_SEED,기존 캐시/지정 게시판 확인,1,1,0,1,0,0,0,0,0,0,,아니오,2026-09-28T17:33:04.930822+09:00,아니오,아니오,,,,,
영화진흥위원회,기타공공기관,https://www.kofic.or.kr/,https://www.kofic.or.kr/kofic/business/board/selectBoardList.do?boardNumber=4,CANDIDATE_NOT_VERIFIED,게시판 후보는 있으나 실제 게시판 검증 실패,0,0,0,0,0,0,0,0,8,0,,예,2026-09-28T17:33:04.930822+09:00,아니오,아니오,,CANDIDATE_NOT_VERIFIED,,,
예금보험공사,준정부기관(기금관리형),https://www.kdic.or.kr/,https://www.kdic.or.kr/di/pbcr/selectPbcrNtcList.do,CACHED_OR_SEED,기존 캐시/지정 게시판 확인,10,10,0,5,0,0,0,0,0,0,,아니오,2026-09-28T17:33:04.930822+09:00,아니오,아니오,,,,,
예술의전당,기타공공기관,https://www.sac.or.kr/,https://www.sac.or.kr/site/main/board/sacnews/list,CACHED_OR_SEED,기존 캐시/지정 게시판 확인,10,10,0,9,0,0,0,0,0,0,,아니오,2026-09-28T17:33:04.930822+09:00,아니오,아니오,,,,,
오송첨단의료산업진흥재단,기타공공기관,https://www.kbiohealth.kr/,https://www.kbiohealth.kr/board.es?mid=a10301000000&bid=0002,CACHED_OR_SEED,기존 캐시/지정 게시판 확인,10,10,0,8,0,0,0,0,0,0,,아니오,2026-09-28T17:33:04.930822+09:00,아니오,아니오,,,,,
울산항만공사,기타공공기관,https://www.upa.or.kr/,https://www.upa.or.kr/portal/board/post/list.do?bcIdx=676&mid=0601000000&token=1790651309436,CACHED_OR_SEED,기존 캐시/지정 게시판 확인,10,10,0,7,0,0,0,0,0,0,,아니오,2026-09-28T17:33:04.930822+09:00,아니오,아니오,,,,,
육아정책연구소,기타공공기관,https://www.kicce.re.kr/,https://www.kicce.re.kr/main/board/index.do?menu_idx=92&manage_idx=64,CANDIDATE_NOT_VERIFIED,게시판 후보는 있으나 실제 게시판 검증 실패,0,0,0,0,0,0,0,0,8,0,,예,2026-09-28T17:33:04.930822+09:00,아니오,아니오,,CANDIDATE_NOT_VERIFIED,,,
의료기관평가인증원,기타공공기관,https://www.koiha.or.kr/,https://www.koiha.or.kr/web/kr/community/notice_board.do,CACHED_OR_SEED,기존 캐시/지정 게시판 확인,10,10,0,10,0,0,0,0,0,0,,아니오,2026-09-28T17:33:04.930822+09:00,아니오,아니오,,,,,
인천국제공항공사,공기업(시장형),https://www.airport.kr/,https://www.airport.kr/ap_ko/1011/subview.do?enc=Zm5jdDF8QEB8JTJGYmJzJTJGYXBfa28lMkYxNzUlMkZhcnRjbExpc3QuZG8lM0ZwYWdlJTNEMSUyNmZpbmRUeXBlJTNEJTI2ZmluZFdvcmQlM0QlMjZjbFNlcSUzRCUyNm9wbndyZFNlcSUzRCUyNnJnc0JnbmRlU3RyJTNEJTI2cmdzRW5kZGVTdHIlM0QlMjZjc3JmVG9rZW4lM0RmZWFmYjhkOC1kYTQxLTRlNTAtODI2YS0yNWRkNWY3OGFjYzglMjY%3D,CANDIDATE_NOT_VERIFIED,게시판 후보는 있으나 실제 게시판 검증 실패,0,0,0,0,0,0,0,0,8,0,,예,2026-09-28T17:33:04.930822+09:00,아니오,아니오,,CANDIDATE_NOT_VERIFIED,,,
인천항만공사,기타공공기관,https://icpa.or.kr/,https://www.icpa.or.kr/article/list.do?menuKey=3988&boardKey=213,CACHED_OR_SEED,기존 캐시/지정 게시판 확인,10,10,0,9,0,0,4,0,0,0,,아니오,2026-09-28T17:33:04.930822+09:00,아니오,아니오,,,,,
자동차손해배상진흥원,기타공공기관,https://www.tacss.or.kr/,https://www.tacss.or.kr/notification/notice.jsp,CACHED_OR_SEED,기존 캐시/지정 게시판 확인,10,10,0,9,0,0,0,0,0,0,,아니오,2026-09-28T17:33:04.930822+09:00,아니오,아니오,,,,,
재단법인 건설기술교육원,기타공공기관,https://www.kicte.or.kr/,https://www.kicte.or.kr/portal/community/noticeListAction.do,CANDIDATE_NOT_VERIFIED,게시판 후보는 있으나 실제 게시판 검증 실패,0,0,0,0,0,0,0,0,8,0,,예,2026-09-28T17:33:04.930822+09:00,아니오,아니오,,CANDIDATE_NOT_VERIFIED,,,
재단법인 대한건설기계안전관리원,기타공공기관,https://www.kcesi.or.kr/,https://www.kcesi.or.kr/user/bbs/BD_selectBbsList.do?q_bbsCode=1018,CACHED_OR_SEED,기존 캐시/지정 게시판 확인,1,1,0,0,0,0,0,0,0,0,,아니오,2026-09-28T17:33:04.930822+09:00,아니오,아니오,,,,,
재단법인 장애인기업종합지원센터,기타공공기관,http://www.debc.or.kr/,https://www.debc.or.kr/bbs/board.php?bo_table=s2_1,CACHED_OR_SEED,기존 캐시/지정 게시판 확인,5,5,0,5,0,0,0,0,0,0,,아니오,2026-09-28T17:33:04.930822+09:00,아니오,아니오,,,,,
재단법인 한국공공조직은행,기타공공기관,https://kptb.kr/,https://kptb.kr/subpage_0501.asp,CACHED_OR_SEED,기존 캐시/지정 게시판 확인,6,6,0,0,0,0,0,0,0,0,,아니오,2026-09-28T17:33:04.930822+09:00,아니오,아니오,,,,,
재단법인 한국에너지재단,기타공공기관,https://www.koref.or.kr/,https://www.koref.or.kr/web/board/boardContentsListPage.do?board_id=27,HOME_ERROR,홈페이지 접속 실패,0,0,0,0,0,0,0,0,0,0,,예,2026-09-28T17:33:04.930822+09:00,아니오,아니오,,HOME_ERROR,,,
재단법인 한국자활복지개발원,기타공공기관,https://www.kdissw.or.kr/,https://www.kdissw.or.kr:443/board.es?mid=a10501010000&bid=0002,CACHED_OR_SEED,기존 캐시/지정 게시판 확인,10,10,0,8,0,0,0,0,0,0,,아니오,2026-09-28T17:33:04.930822+09:00,아니오,아니오,,,,,
재단법인 한국장기조직기증원,기타공공기관,https://www.koda1458.kr/,https://www.koda1458.kr/communication/participation/events,CACHED_OR_SEED,기존 캐시/지정 게시판 확인,4,4,0,3,1,2,0,0,0,0,,아니오,2026-09-28T17:33:04.930822+09:00,아니오,아니오,,,,,
재외동포협력센터,기타공공기관,https://www.okocc.or.kr/,https://okocc.or.kr/homepage/customer/notice.do?mode=view&articleNo=1002294477,CACHED_OR_SEED,기존 캐시/지정 게시판 확인,10,10,0,2,0,0,2,0,0,0,,아니오,2026-09-28T17:33:04.930822+09:00,아니오,아니오,,,,,
전국재해구호협회,기타공공기관,https://hopebridge.or.kr/,https://hopebridge.or.kr/hope/notice.php,HOME_ERROR,홈페이지 접속 실패,0,0,0,0,0,0,0,0,0,0,,예,2026-09-28T17:33:04.930822+09:00,아니오,아니오,,HOME_ERROR,,,
전남대학교병원,기타공공기관,http://www.cnuh.com/,https://www.cnuh.com/board/B0011.cs?m=63,CACHED_OR_SEED,기존 캐시/지정 게시판 확인,10,10,0,10,0,0,0,0,0,0,,아니오,2026-09-28T17:33:04.930822+09:00,아니오,아니오,,,,,
전북대학교병원,기타공공기관,https://www.jbuh.co.kr/,https://www.jbuh.co.kr/archive/index.do,CACHED_OR_SEED,기존 캐시/지정 게시판 확인,10,10,0,10,0,0,0,0,0,0,,아니오,2026-09-28T17:33:04.930822+09:00,아니오,아니오,,,,,
전쟁기념사업회,기타공공기관,https://www.warmemo.or.kr/,https://www.warmemo.or.kr:8443/Home/H40000/H40200/H40201/boardList,HOME_ERROR,홈페이지 접속 실패,0,0,0,0,0,0,0,0,0,0,,예,2026-09-28T17:33:04.930822+09:00,아니오,아니오,,HOME_ERROR,,,
정보통신기획평가원,준정부기관(위탁집행형),http://www.iitp.kr/,https://www.iitp.kr/web/lay1/bbs/S1T12C37/A/7/list.do?cpage=1&sort=latest&rows=10,CANDIDATE_NOT_VERIFIED,게시판 후보는 있으나 실제 게시판 검증 실패,0,0,0,0,0,0,0,0,8,0,,예,2026-09-28T17:33:04.930822+09:00,아니오,아니오,,CANDIDATE_NOT_VERIFIED,,,
정보통신산업진흥원,기타공공기관,https://www.nipa.kr/,https://www.nipa.kr/home/2-1,CACHED_OR_SEED,기존 캐시/지정 게시판 확인,10,10,0,0,0,0,0,0,0,0,,아니오,2026-09-28T17:33:04.930822+09:00,아니오,아니오,,,,,
정보통신정책연구원,기타공공기관,http://www.kisdi.re.kr/,https://www.kisdi.re.kr/bbs/list.do?key=m2101113055944,CANDIDATE_NOT_VERIFIED,게시판 후보는 있으나 실제 게시판 검증 실패,0,0,0,0,0,0,0,0,8,0,,예,2026-09-28T17:33:04.930822+09:00,아니오,아니오,,CANDIDATE_NOT_VERIFIED,,,
정부법무공단,기타공공기관,http://www.kgls.or.kr/,https://www.kgls.or.kr/system/hpbbs/board.php?bo_table=news,CANDIDATE_NOT_VERIFIED,게시판 후보는 있으나 실제 게시판 검증 실패,0,0,0,0,0,0,0,0,8,0,,예,2026-09-28T17:33:04.930822+09:00,아니오,아니오,,CANDIDATE_NOT_VERIFIED,,,
제주국제자유도시개발센터,공기업(준시장형),https://www.jdcenter.com/,https://www.jdcenter.com/prcenter/issue/notice.cs,CANDIDATE_NOT_VERIFIED,게시판 후보는 있으나 실제 게시판 검증 실패,0,0,0,0,0,0,0,0,8,0,,예,2026-09-28T17:33:04.930822+09:00,아니오,아니오,,CANDIDATE_NOT_VERIFIED,,,
제주대학교병원,기타공공기관,https://www.jejunuh.co.kr/,https://www.jejunuh.co.kr/bbs/BBSMSTR_000000000061/list.do;jsessionid=4BB20E26093C00F0CAF69307F079554E,CACHED_OR_SEED,기존 캐시/지정 게시판 확인,10,10,0,8,0,0,2,0,0,0,,아니오,2026-09-28T17:33:04.930822+09:00,아니오,아니오,,,,,
주식회사 에스알,공기업(준시장형),https://www.srail.or.kr/,,CACHED_OR_SEED,기존 캐시/지정 게시판 확인,10,10,0,9,0,0,1,0,0,0,,아니오,2026-09-28T17:33:04.930822+09:00,아니오,아니오,,,,,
주택관리공단(주),기타공공기관,https://www.kohom.or.kr/,https://www.kohom.or.kr/web/mainComm/HM002001.do,CACHED_OR_SEED,기존 캐시/지정 게시판 확인,10,10,0,8,0,0,0,0,0,0,,아니오,2026-09-28T17:33:04.930822+09:00,아니오,아니오,,,,,
주택도시보증공사,공기업(준시장형),https://www.khug.or.kr/,https://www.khug.or.kr/hug/web/cs/no/csno000001.jsp,CANDIDATE_NOT_VERIFIED,게시판 후보는 있으나 실제 게시판 검증 실패,0,0,0,0,0,0,0,0,8,0,,예,2026-09-28T17:33:04.930822+09:00,아니오,아니오,,CANDIDATE_NOT_VERIFIED,,,
중소기업기술정보진흥원,기타공공기관,https://www.tipa.or.kr/,https://www.tipa.or.kr/s040101,DISCOVERED,홈페이지에서 게시판을 새로 발견,9,9,0,6,0,0,0,100,12,12,59.0,아니오,2026-09-28T17:33:04.930822+09:00,아니오,아니오,,VERIFIED,,,59.0
중소기업은행,기타공공기관,http://www.ibk.co.kr/,https://www.ibk.co.kr/cyber/noticeDataListCyber.ibk?pageId=IR03010500,CACHED_OR_SEED,기존 캐시/지정 게시판 확인,10,10,0,10,0,0,0,0,0,0,,아니오,2026-09-28T17:33:04.930822+09:00,아니오,아니오,,,,,
중소벤처기업연구원,기타공공기관,https://www.kosi.re.kr/,https://www.kosi.re.kr/front/functionDisplay?menuFrontNo=239693504401196147746371791605890541073&menuFrontURL=front/announceList,CACHED_OR_SEED,기존 캐시/지정 게시판 확인,3,3,0,0,0,0,0,0,0,0,,아니오,2026-09-28T17:33:04.930822+09:00,아니오,아니오,,,,,
중소벤처기업진흥공단,준정부기관(기금관리형),https://www.kosmes.or.kr/,https://www.kosmes.or.kr/nsh/SH/NTS/SHNTS001M0.do,CACHED_OR_SEED,기존 캐시/지정 게시판 확인,1,1,0,0,0,0,0,0,0,0,,아니오,2026-09-28T17:33:04.930822+09:00,아니오,아니오,,,,,
중앙사회서비스원,기타공공기관,https://www.kcpass.or.kr/,https://www.kcpass.or.kr/board?menuId=MENU002030101000000,CANDIDATE_NOT_VERIFIED,게시판 후보는 있으나 실제 게시판 검증 실패,0,0,0,0,0,0,0,0,8,0,,예,2026-09-28T17:33:04.930822+09:00,아니오,아니오,,CANDIDATE_NOT_VERIFIED,,,
차세대수치예보모델개발사업단,기타공공기관,https://www.kiaps.org/,https://www.kiaps.org/news-pr/announcements,CACHED_OR_SEED,기존 캐시/지정 게시판 확인,10,10,0,10,0,0,0,0,0,0,,아니오,2026-09-28T17:33:04.930822+09:00,아니오,아니오,,,,,
창업진흥원,기타공공기관,https://www.kised.or.kr/,https://www.kised.or.kr/board.es?mid=a10301000000&bid=0004,CACHED_OR_SEED,기존 캐시/지정 게시판 확인,10,10,0,9,0,0,0,0,0,0,,아니오,2026-09-28T17:33:04.930822+09:00,아니오,아니오,,,,,
축산물품질평가원,준정부기관(위탁집행형),https://www.ekape.or.kr/,https://www.ekape.or.kr/board/list.do?menuId=menu149208,CACHED_OR_SEED,기존 캐시/지정 게시판 확인,10,10,0,8,0,0,0,0,0,0,,아니오,2026-09-28T17:33:04.930822+09:00,아니오,아니오,,,,,
충남대학교병원,기타공공기관,https://www.cnuh.co.kr/,https://www.cnuh.co.kr/bbs/notice/list.do,CACHED_OR_SEED,기존 캐시/지정 게시판 확인,10,10,0,10,0,0,0,0,0,0,,아니오,2026-09-28T17:33:04.930822+09:00,아니오,아니오,,,,,
충북대학교병원,기타공공기관,http://www.cbnuh.or.kr/,https://www.cbnuh.or.kr/bbs/BBSMSTR_000000000355/list.do,CACHED_OR_SEED,기존 캐시/지정 게시판 확인,10,10,0,10,0,0,0,0,0,0,,아니오,2026-09-28T17:33:04.930822+09:00,아니오,아니오,,,,,
코레일관광개발(주),기타공공기관,https://www.korailtravel.com/,https://www.korailtravel.com/web/community/index.asp?page_nm=qna_board&fq_cd=01,CACHED_OR_SEED,기존 캐시/지정 게시판 확인,10,10,0,10,0,0,1,0,0,0,,아니오,2026-09-28T17:33:04.930822+09:00,아니오,아니오,,,,,
코레일네트웍스(주),기타공공기관,https://www.korailnetworks.com/,https://www.korailnetworks.com/,HOME_ERROR,홈페이지 접속 실패,0,0,0,0,0,0,0,0,0,0,,예,2026-09-28T17:33:04.930822+09:00,아니오,아니오,,HOME_ERROR,,,
코레일로지스(주),기타공공기관,https://www.koraillogis.com/,https://www.koraillogis.com/support/notice.php,CACHED_OR_SEED,기존 캐시/지정 게시판 확인,10,10,0,8,0,0,0,0,0,0,,아니오,2026-09-28T17:33:04.930822+09:00,아니오,아니오,,,,,
코레일유통(주),기타공공기관,https://www.korailretail.com/,https://www.korailretail.com/bbs/selectBbsList.do?bbsId=BBSMSTR_000000000001,CACHED_OR_SEED,기존 캐시/지정 게시판 확인,10,10,0,9,0,0,0,0,0,0,,아니오,2026-09-28T17:33:04.930822+09:00,아니오,아니오,,,,,
코레일테크(주),기타공공기관,https://www.korailtech.com/,https://www.korailtech.com/notice/list.do?boardType=F0210&subMenuId=8010000,CANDIDATE_NOT_VERIFIED,게시판 후보는 있으나 실제 게시판 검증 실패,0,0,0,0,0,0,0,0,8,0,,예,2026-09-28T17:33:04.930822+09:00,아니오,아니오,,CANDIDATE_NOT_VERIFIED,,,
태권도진흥재단,기타공공기관,https://www.tpf.or.kr/,https://www.tpf.or.kr/t1/contents/tkdnotice1.do,CACHED_OR_SEED,기존 캐시/지정 게시판 확인,10,10,0,10,0,0,0,0,0,0,,아니오,2026-09-28T17:33:04.930822+09:00,아니오,아니오,,,,,
통일연구원,기타공공기관,https://www.kinu.or.kr/,https://www.kinu.or.kr/main/board/index.do?code=3aTQgNC1rlPx&nav_code=mai1674793050,CANDIDATE_NOT_VERIFIED,게시판 후보는 있으나 실제 게시판 검증 실패,0,0,0,0,0,0,0,0,8,0,,예,2026-09-28T17:33:04.930822+09:00,아니오,아니오,,CANDIDATE_NOT_VERIFIED,,,
학교법인한국폴리텍,기타공공기관,http://www.kopo.ac.kr/,https://www.kopo.ac.kr/board.do?menu=115,CACHED_OR_SEED,기존 캐시/지정 게시판 확인,10,10,0,2,0,0,0,0,0,0,,아니오,2026-09-28T17:33:04.930822+09:00,아니오,아니오,,,,,
한국가스공사,공기업(시장형),https://www.kogas.or.kr/,https://www.kogas.or.kr/site/koGas/goBoard.do?boardNo=6&Key=1010200000000,CACHED_OR_SEED,기존 캐시/지정 게시판 확인,10,10,0,7,0,0,2,0,0,0,,아니오,2026-09-28T17:33:04.930822+09:00,아니오,아니오,,,,,
한국가스안전공사,준정부기관(위탁집행형),https://www.kgs.or.kr/,https://www.kgs.or.kr/kgs/aga/board.do,CACHED_OR_SEED,기존 캐시/지정 게시판 확인,6,6,0,6,0,0,3,0,0,0,,아니오,2026-09-28T17:33:04.930822+09:00,아니오,아니오,,,,,
한국개발연구원,기타공공기관,https://www.kdi.re.kr/,https://www.kdi.re.kr/share/noticeList,CACHED_OR_SEED,기존 캐시/지정 게시판 확인,2,2,0,1,0,0,0,0,0,0,,아니오,2026-09-28T17:33:04.930822+09:00,아니오,아니오,,,,,
한국건강가정진흥원,기타공공기관,http://www.kihf.or.kr/,https://www.kihf.or.kr/web/lay1/bbs/S1T838C97/A/3/list.do?rows=10&cpage=1&cat=&article_seq=&condition=TITLE&keyword=,CACHED_OR_SEED,기존 캐시/지정 게시판 확인,2,2,0,0,0,0,0,0,0,0,,아니오,2026-09-28T17:33:04.930822+09:00,아니오,아니오,,,,,
한국건강증진개발원,기타공공기관,https://www.khepi.or.kr/,https://www.khepi.or.kr/board;jsessionid=PzJZVCf3vIU9dZMgBBBIMDZ0xMNtDcRMLWWX49nc4almVYSFTK69tKnSXxybc11s.khealth-was_servlet_khealth2018?menuId=MENU00905&siteId=null-,CACHED_OR_SEED,기존 캐시/지정 게시판 확인,1,1,0,0,0,0,0,0,0,0,,아니오,2026-09-28T17:33:04.930822+09:00,아니오,아니오,,,,,
한국고용노동교육원,기타공공기관,https://www.keli.kr/,https://www.keli.kr/info/pltfm/bbs/113/list.do,CACHED_OR_SEED,기존 캐시/지정 게시판 확인,10,10,0,7,0,0,0,0,0,0,,아니오,2026-09-28T17:33:04.930822+09:00,아니오,아니오,,,,,
한국고용정보원,준정부기관(위탁집행형),https://keis.or.kr/,https://keis.or.kr/keis/ko/bbs/220/list.do,CANDIDATE_NOT_VERIFIED,게시판 후보는 있으나 실제 게시판 검증 실패,0,0,0,0,0,0,0,0,8,0,,예,2026-09-28T17:33:04.930822+09:00,아니오,아니오,,CANDIDATE_NOT_VERIFIED,,,
한국고전번역원,기타공공기관,https://www.itkc.or.kr/,https://www.itkc.or.kr/bbs/board.do?id=2&menuId=99,CACHED_OR_SEED,기존 캐시/지정 게시판 확인,10,10,0,7,0,0,0,0,0,0,,아니오,2026-09-28T17:33:04.930822+09:00,아니오,아니오,,,,,
한국공예디자인문화진흥원,기타공공기관,https://www.kcdf.or.kr/,https://www.kcdf.or.kr/brd/board/314/L/menu/282,CACHED_OR_SEED,기존 캐시/지정 게시판 확인,10,10,0,10,0,0,0,0,0,0,,아니오,2026-09-28T17:33:04.930822+09:00,아니오,아니오,,,,,
한국공정거래조정원,기타공공기관,https://www.kofair.or.kr/,https://www.kofair.or.kr/home/board/brdList.do?menu_cd=000043,CANDIDATE_NOT_VERIFIED,게시판 후보는 있으나 실제 게시판 검증 실패,0,0,0,0,0,0,0,2,10,0,,예,2026-09-28T17:33:04.930822+09:00,아니오,아니오,,CANDIDATE_NOT_VERIFIED,,,
한국공항공사,공기업(시장형),http://www.airport.co.kr/,https://www.airport.co.kr/www/cms/frCon/index.do?MENU_ID=1100,CACHED_OR_SEED,기존 캐시/지정 게시판 확인,10,10,0,10,0,0,0,0,0,0,,아니오,2026-09-28T17:33:04.930822+09:00,아니오,아니오,,,,,
한국과학기술기획평가원,기타공공기관,https://www.kistep.re.kr/,https://www.kistep.re.kr/board.es?mid=a10402000000&bid=0003,CACHED_OR_SEED,기존 캐시/지정 게시판 확인,10,10,0,8,0,0,0,0,0,0,,아니오,2026-09-28T17:33:04.930822+09:00,아니오,아니오,,,,,
한국과학창의재단,기타공공기관,https://www.kosac.re.kr/,https://www.kosac.re.kr/menus/270/boards/386/posts,CACHED_OR_SEED,기존 캐시/지정 게시판 확인,10,10,0,9,0,0,0,0,0,0,,아니오,2026-09-28T17:33:04.930822+09:00,아니오,아니오,,,,,
한국관광공사,준정부기관(위탁집행형),http://knto.or.kr/,https://knto.or.kr/korNoticeKtoNews,CACHED_OR_SEED,기존 캐시/지정 게시판 확인,10,10,0,7,0,0,0,0,0,0,,아니오,2026-09-28T17:33:04.930822+09:00,아니오,아니오,,,,,
한국관세정보원,기타공공기관,https://kcits.or.kr/,https://kcits.or.kr/news/noticeList,CACHED_OR_SEED,기존 캐시/지정 게시판 확인,1,1,0,1,0,0,0,0,0,0,,아니오,2026-09-28T17:33:04.930822+09:00,아니오,아니오,,,,,
한국광해광업공단,공기업(준시장형),https://www.komir.or.kr/,https://www.komir.or.kr/kor/17/survey,CACHED_OR_SEED,기존 캐시/지정 게시판 확인,10,10,0,7,0,0,0,0,0,0,,아니오,2026-09-28T17:33:04.930822+09:00,아니오,아니오,,,,,
한국교육개발원,기타공공기관,https://www.kedi.re.kr/,https://www.kedi.re.kr/khome/main/announce/listNoticeAnnounceForm.do,CACHED_OR_SEED,기존 캐시/지정 게시판 확인,2,2,0,1,0,0,0,0,0,0,,아니오,2026-09-28T17:33:04.930822+09:00,아니오,아니오,,,,,
한국교육과정평가원,기타공공기관,https://www.kice.re.kr/,https://www.kice.re.kr/boardCnts/list.do?boardID=10023&m=050101&s=kice&searchStr=,CANDIDATE_NOT_VERIFIED,게시판 후보는 있으나 실제 게시판 검증 실패,0,0,0,0,0,0,0,0,8,0,,예,2026-09-28T17:33:04.930822+09:00,아니오,아니오,,CANDIDATE_NOT_VERIFIED,,,
한국교육학술정보원,기타공공기관,https://www.keris.or.kr/,https://www.keris.or.kr/main/na/ntt/selectNttList.do?mi=1051&bbsId=1088,CACHED_OR_SEED,기존 캐시/지정 게시판 확인,1,1,0,0,0,0,0,0,0,0,,아니오,2026-09-28T17:33:04.930822+09:00,아니오,아니오,,,,,
한국교통안전공단,준정부기관(위탁집행형),https://www.kotsa.or.kr/,https://main.kotsa.or.kr/portal/bbs/notice_list.do?menuCode=05010100,CACHED_OR_SEED,기존 캐시/지정 게시판 확인,10,10,0,5,0,0,0,0,0,0,,아니오,2026-09-28T17:33:04.930822+09:00,아니오,아니오,,,,,
한국교통연구원,기타공공기관,https://www.koti.re.kr/,https://www.koti.re.kr/user/bbs/noticeList.do,CACHED_OR_SEED,기존 캐시/지정 게시판 확인,5,5,0,4,1,0,0,0,0,0,,아니오,2026-09-28T17:33:04.930822+09:00,아니오,아니오,,,,,
한국국방연구원,기타공공기관,https://www.kida.re.kr/,https://www.kida.re.kr/frt/board/frtNormalBoard.do?sidx=243&depth=2,CACHED_OR_SEED,기존 캐시/지정 게시판 확인,10,10,0,9,0,0,8,0,0,0,,아니오,2026-09-28T17:33:04.930822+09:00,아니오,아니오,,,,,
한국국제교류재단,기타공공기관,https://www.kf.or.kr/,https://www.kf.or.kr/kf/na/ntt/selectNttList.do?mi=1131&bbsId=1051,CACHED_OR_SEED,기존 캐시/지정 게시판 확인,10,10,0,9,0,0,0,0,0,0,,아니오,2026-09-28T17:33:04.930822+09:00,아니오,아니오,,,,,
한국국제보건의료재단,기타공공기관,https://www.kofih.org/,https://www.kofih.org/web/lay1/bbs/S1T10C21/A/1/list.do,CACHED_OR_SEED,기존 캐시/지정 게시판 확인,2,2,0,2,0,0,0,0,0,0,,아니오,2026-09-28T17:33:04.930822+09:00,아니오,아니오,,,,,
한국국제협력단,준정부기관(위탁집행형),https://www.koica.go.kr/,https://www.koica.go.kr/koica_kr/989/subview.do?enc=Zm5jdDF8QEB8JTJGYmJzJTJGa29pY2Ffa3IlMkYxNTAlMkZhcnRjbExpc3QuZG8lM0Y%3D,CANDIDATE_NOT_VERIFIED,게시판 후보는 있으나 실제 게시판 검증 실패,0,0,0,0,0,0,0,0,8,0,,예,2026-09-28T17:33:04.930822+09:00,아니오,아니오,,CANDIDATE_NOT_VERIFIED,,,
한국국토정보공사,준정부기관(위탁집행형),https://www.lx.or.kr/,https://www.lx.or.kr/kor/bbs/BBSMSTR_000000000001/lst.do,CACHED_OR_SEED,기존 캐시/지정 게시판 확인,1,1,0,0,0,0,0,0,0,0,,아니오,2026-09-28T17:33:04.930822+09:00,아니오,아니오,,,,,
한국기상산업기술원,기타공공기관,https://www.kmiti.or.kr/,https://www.kmiti.or.kr/kr/board/kmi_notice/boardList.do,CACHED_OR_SEED,기존 캐시/지정 게시판 확인,10,10,0,7,0,0,0,0,0,0,,아니오,2026-09-28T17:33:04.930822+09:00,아니오,아니오,,,,,
한국기술교육대학교,기타공공기관,https://www.koreatech.ac.kr/,,CANDIDATE_NOT_VERIFIED,게시판 후보는 있으나 실제 게시판 검증 실패,0,0,0,0,0,0,0,0,8,0,,예,2026-09-28T17:33:04.930822+09:00,아니오,아니오,,CANDIDATE_NOT_VERIFIED,,,
한국나노기술원,기타공공기관,https://www.kanc.re.kr/,https://www.kanc.re.kr/gnb04/snb01.do,CANDIDATE_NOT_VERIFIED,게시판 후보는 있으나 실제 게시판 검증 실패,0,0,0,0,0,0,0,0,8,0,,예,2026-09-28T17:33:04.930822+09:00,아니오,아니오,,CANDIDATE_NOT_VERIFIED,,,
한국남동발전(주),공기업(시장형),https://www.koenergy.kr/,https://www.koenergy.kr/kosep/fr/pr/nt/prnt00/main.do,CANDIDATE_NOT_VERIFIED,게시판 후보는 있으나 실제 게시판 검증 실패,0,0,0,0,0,0,0,0,8,0,,예,2026-09-28T17:33:04.930822+09:00,아니오,아니오,,CANDIDATE_NOT_VERIFIED,,,
한국남부발전(주),공기업(시장형),https://www.kospo.co.kr/,https://www.kospo.co.kr/kospo/90/subview.do?enc=Zm5jdDF8QEB8JTJGYmJzJTJGa29zcG8lMkY2OCUyRmFydGNsTGlzdC5kbyUzRmJic0NsU2VxJTNEJTI2YmJzT3BlbldyZFNlcSUzRCUyNmlzVmlld01pbmUlM0RmYWxzZSUyNnBhZ2UlM0QxJTI2cGFzc3dvcmQlM0QlMjZyZ3NCZ25kZVN0ciUzRCUyNnJnc0VuZGRlU3RyJTNEJTI2c3JjaENvbHVtbiUzRCUyNnNyY2hXcmQlM0QlMjY%3D,HOME_ERROR,홈페이지 접속 실패,0,0,0,0,0,0,0,0,0,0,,예,2026-09-28T17:33:04.930822+09:00,아니오,아니오,,HOME_ERROR,,,
한국노동연구원,기타공공기관,https://www.kli.re.kr/,https://www.kli.re.kr/board.es?mid=a10302000000&bid=0004,CACHED_OR_SEED,기존 캐시/지정 게시판 확인,10,10,0,10,0,0,0,0,0,0,,아니오,2026-09-28T17:33:04.930822+09:00,아니오,아니오,,,,,
한국노인인력개발원,기타공공기관,https://www.kordi.or.kr/,https://www.kordi.or.kr/content.do?cmsId=91,CACHED_OR_SEED,기존 캐시/지정 게시판 확인,10,10,0,8,0,0,0,0,0,0,,아니오,2026-09-28T17:33:04.930822+09:00,아니오,아니오,,,,,
한국농수산식품유통공사,준정부기관(위탁집행형),https://www.at.or.kr/,https://www.at.or.kr/article/apko364000/list.action,CACHED_OR_SEED,기존 캐시/지정 게시판 확인,10,10,0,9,0,0,0,0,0,0,,아니오,2026-09-28T17:33:04.930822+09:00,아니오,아니오,,,,,
한국농어촌공사,준정부기관(위탁집행형),https://www.ekr.or.kr/,https://www.ekr.or.kr/planweb/board/list.krc?contentUid=402880317cc0644a017cc0c9da9f0120&boardUid=402880317cc0644a017cc5e8000f06b7&categoryUid2=8a8bb3529665d71401996fb31ede7592&categoryUid3=8a8bb3529665d7140199700049800553&contentUid=402880317cc0644a017cc0c9da9f0120&subPath=,CACHED_OR_SEED,기존 캐시/지정 게시판 확인,10,10,0,9,0,0,0,0,0,0,,아니오,2026-09-28T17:33:04.930822+09:00,아니오,아니오,,,,,
한국농업기술진흥원,기타공공기관,https://www.koat.or.kr/,https://m.koat.or.kr/board/notice/list.do,CACHED_OR_SEED,기존 캐시/지정 게시판 확인,10,10,0,7,0,0,2,0,0,0,,아니오,2026-09-28T17:33:04.930822+09:00,아니오,아니오,,,,,
한국농촌경제연구원,기타공공기관,https://www.krei.re.kr/,https://www.krei.re.kr/krei/page/23,CACHED_OR_SEED,기존 캐시/지정 게시판 확인,10,10,0,9,0,0,4,0,0,0,,아니오,2026-09-28T17:33:04.930822+09:00,아니오,아니오,,,,,
한국데이터산업진흥원,기타공공기관,https://www.kdata.or.kr/,https://www.kdata.or.kr/kr/board/notice_01/boardList.do,CACHED_OR_SEED,기존 캐시/지정 게시판 확인,10,10,0,6,0,0,0,0,0,0,,아니오,2026-09-28T17:33:04.930822+09:00,아니오,아니오,,,,,
한국도로공사,공기업(시장형),https://www.ex.co.kr/,https://www.ex.co.kr/site/com/pageProcess.do,HOME_ERROR,홈페이지 접속 실패,0,0,0,0,0,0,0,0,0,0,,예,2026-09-28T17:33:04.930822+09:00,아니오,아니오,,HOME_ERROR,,,
한국도로공사서비스(주),기타공공기관,https://www.exservice.co.kr/,https://www.exservice.co.kr/boad/bd_notice/egolist.php?bd=2,HOME_ERROR,홈페이지 접속 실패,0,0,0,0,0,0,0,0,0,0,,예,2026-09-28T17:33:04.930822+09:00,아니오,아니오,,HOME_ERROR,,,
한국도로교통공단,준정부기관(위탁집행형),https://www.koroad.or.kr/,https://www.koroad.or.kr/main/board/1/board_list.do,HOME_ERROR,홈페이지 접속 실패,0,0,0,0,0,0,0,0,0,0,,예,2026-09-28T17:33:04.930822+09:00,아니오,아니오,,HOME_ERROR,,,
한국도박문제예방치유원,기타공공기관,https://www.kcgp.or.kr/,https://www.kcgp.or.kr/portal/bbs/B0000030/list.do?menuNo=200020&pageIndex=,CACHED_OR_SEED,기존 캐시/지정 게시판 확인,1,1,0,0,0,0,0,0,0,0,,아니오,2026-09-28T17:33:04.930822+09:00,아니오,아니오,,,,,
한국동서발전(주),공기업(시장형),https://www.ewp.co.kr/,https://www.ewp.co.kr/kor/subpage/content.html,CACHED_OR_SEED,기존 캐시/지정 게시판 확인,10,10,0,10,0,0,2,0,0,0,,아니오,2026-09-28T17:33:04.930822+09:00,아니오,아니오,,,,,
한국등산·트레킹지원센터,기타공공기관,https://komount.or.kr/,https://komount.or.kr/board/list.do?boardCode=B01,CACHED_OR_SEED,기존 캐시/지정 게시판 확인,10,10,0,9,0,0,0,0,0,0,,아니오,2026-09-28T17:33:04.930822+09:00,아니오,아니오,,,,,
한국디자인진흥원,기타공공기관,https://www.kidp.or.kr/,https://www.kidp.or.kr/?menuno=1019,CACHED_OR_SEED,기존 캐시/지정 게시판 확인,10,10,0,0,0,0,0,0,0,0,,아니오,2026-09-28T17:33:04.930822+09:00,아니오,아니오,,,,,
한국로봇산업진흥원,기타공공기관,https://www.kiria.org/,https://www.kiria.org/portal/info/portalInfoNotiList.do,CACHED_OR_SEED,기존 캐시/지정 게시판 확인,10,10,0,9,0,0,0,0,0,0,,아니오,2026-09-28T17:33:04.930822+09:00,아니오,아니오,,,,,
한국마사회,공기업(준시장형),https://www.kra.co.kr/,https://www.kra.co.kr/board/pr/skr021.do,CACHED_OR_SEED,기존 캐시/지정 게시판 확인,10,10,0,5,0,0,1,0,0,0,,아니오,2026-09-28T17:33:04.930822+09:00,아니오,아니오,,,,,
한국마약퇴치운동본부,기타공공기관,https://drugfree.or.kr/,https://drugfree.or.kr/portal/kor/M571606632/board.do?,HOME_ERROR,홈페이지 접속 실패,0,0,0,0,0,0,0,0,0,0,,예,2026-09-28T17:33:04.930822+09:00,아니오,아니오,,HOME_ERROR,,,
한국무역보험공사,준정부기관(기금관리형),https://www.ksure.or.kr/,https://www.ksure.or.kr/rh-kr/bbs/i-412/list.do,CACHED_OR_SEED,기존 캐시/지정 게시판 확인,10,10,0,10,0,0,0,0,0,0,,아니오,2026-09-28T17:33:04.930822+09:00,아니오,아니오,,,,,
한국문학번역원,기타공공기관,https://www.ltikorea.or.kr/,https://www.ltikorea.or.kr/kr/board/notice/boardList.do,CACHED_OR_SEED,기존 캐시/지정 게시판 확인,10,10,0,4,0,0,0,0,0,0,,아니오,2026-09-28T17:33:04.930822+09:00,아니오,아니오,,,,,
한국문화관광연구원,기타공공기관,http://www.kcti.re.kr/,https://www.kcti.re.kr/web/board/boardContentsListPage.do?miv_pageNo=&miv_pageSize=&total_cnt=&LISTOP=&mode=&contents_id=59b57d650bf5474186bfa43f62647b0d&board_id=3&s_category=&s_etc10=&s_reply_ststus=&s_searchkey=&s_searchtxt=&s_contents_start_date=&s_contents_end_date=&s_report_start_year=&s_report_end_year=&secretBoard_yn=&titname=&emailAes=&email=,CACHED_OR_SEED,기존 캐시/지정 게시판 확인,8,8,0,8,0,0,0,0,0,0,,아니오,2026-09-28T17:33:04.930822+09:00,아니오,아니오,,,,,
한국문화예술교육진흥원,기타공공기관,https://www.arte.or.kr/,https://arte.or.kr/information/notice/Notice_BoardList.do,CACHED_OR_SEED,기존 캐시/지정 게시판 확인,10,10,0,10,0,0,0,0,0,0,,아니오,2026-09-28T17:33:04.930822+09:00,아니오,아니오,,,,,
한국문화예술위원회,기타공공기관,https://www.arko.or.kr/,https://www.arko.or.kr/board/list/4053,CACHED_OR_SEED,기존 캐시/지정 게시판 확인,8,8,0,7,0,0,0,0,0,0,,아니오,2026-09-28T17:33:04.930822+09:00,아니오,아니오,,,,,
한국문화정보원,기타공공기관,https://www.kcisa.kr/,https://www.kcisa.kr/kr/board/notice/boardList.do,CACHED_OR_SEED,기존 캐시/지정 게시판 확인,10,10,0,8,0,0,0,0,0,0,,아니오,2026-09-28T17:33:04.930822+09:00,아니오,아니오,,,,,
한국문화진흥주식회사,기타공공기관,https://newseoulgolf.co.kr/,https://newseoulgolf.co.kr/board/list1.asp,CACHED_OR_SEED,기존 캐시/지정 게시판 확인,10,10,0,10,0,0,1,0,0,0,,아니오,2026-09-28T17:33:04.930822+09:00,아니오,아니오,,,,,
한국물기술인증원,기타공공기관,https://www.kwtc.or.kr/,https://www.kwtc.or.kr/kwha/bbs/kwhNoticeNew.do,CACHED_OR_SEED,기존 캐시/지정 게시판 확인,2,2,0,2,0,0,0,0,0,0,,아니오,2026-09-28T17:33:04.930822+09:00,아니오,아니오,,,,,
한국발명진흥회,기타공공기관,https://www.kipa.org/,https://www.kipa.org/kipa/notice/kw_0403_01.jsp,CACHED_OR_SEED,기존 캐시/지정 게시판 확인,6,6,0,0,0,0,0,0,0,0,,아니오,2026-09-28T17:33:04.930822+09:00,아니오,아니오,,,,,
한국방송광고진흥공사,기타공공기관,https://www.kobaco.co.kr/,https://www.kobaco.co.kr/site/main/board/notice/list,CACHED_OR_SEED,기존 캐시/지정 게시판 확인,2,2,0,2,0,0,0,0,0,0,,아니오,2026-09-28T17:33:04.930822+09:00,아니오,아니오,,,,,
한국방송통신전파진흥원,준정부기관(위탁집행형),https://www.kca.kr/,https://www.kca.kr/boardList.do?boardId=NOTICE&pageId=www47,CACHED_OR_SEED,기존 캐시/지정 게시판 확인,10,10,0,7,0,0,0,0,0,0,,아니오,2026-09-28T17:33:04.930822+09:00,아니오,아니오,,,,,
한국법무보호복지공단,준정부기관(위탁집행형),https://koreha.or.kr/,https://koreha.or.kr/board/list.do?MN1=5&MN2=27&MN3=58&MN=58&BRD_ID=branchnews&ETC_1=trend,CACHED_OR_SEED,기존 캐시/지정 게시판 확인,1,1,0,0,0,0,0,0,0,0,,아니오,2026-09-28T17:33:04.930822+09:00,아니오,아니오,,,,,
한국법제연구원,기타공공기관,https://www.klri.re.kr/,https://www.klri.re.kr/kor/bbs/BBSMSTR_000000000001/list.do,CACHED_OR_SEED,기존 캐시/지정 게시판 확인,10,10,0,9,0,0,0,0,0,0,,아니오,2026-09-28T17:33:04.930822+09:00,아니오,아니오,,,,,
한국벤처투자,기타공공기관,https://www.kvic.or.kr/,https://www.kvic.or.kr/notice/kvic-notice/investment-business-notice,CACHED_OR_SEED,기존 캐시/지정 게시판 확인,10,10,0,9,0,0,0,0,0,0,,아니오,2026-09-28T17:33:04.930822+09:00,아니오,아니오,,,,,
한국보건복지인재원,기타공공기관,https://www.kohi.or.kr/,https://www.kohi.or.kr/user/bbs/BD_selectBbsList.do?q_bbsCode=1013,CACHED_OR_SEED,기존 캐시/지정 게시판 확인,2,2,0,1,0,0,0,0,0,0,,아니오,2026-09-28T17:33:04.930822+09:00,아니오,아니오,,,,,
한국보건사회연구원,기타공공기관,https://www.kihasa.re.kr/,https://www.kihasa.re.kr/news/notice/list,CACHED_OR_SEED,기존 캐시/지정 게시판 확인,10,10,0,9,0,0,0,0,0,0,,아니오,2026-09-28T17:33:04.930822+09:00,아니오,아니오,,,,,
한국보건산업진흥원,기타공공기관,https://www.khidi.or.kr/,https://www.khidi.or.kr/board?menuId=MENU02458,CACHED_OR_SEED,기존 캐시/지정 게시판 확인,4,4,0,1,0,0,1,0,0,0,,아니오,2026-09-28T17:33:04.930822+09:00,아니오,아니오,,,,,
한국보건의료연구원,기타공공기관,https://www.neca.re.kr/,https://www.neca.re.kr/lay1/bbs/S1T12C49/A/12/list.do?cpage=1&rows=10&condition=&keyword=&cat=,HOME_ERROR,홈페이지 접속 실패,0,0,0,0,0,0,0,0,0,0,,예,2026-09-28T17:33:04.930822+09:00,아니오,아니오,,HOME_ERROR,,,
한국보건의료인국가시험원,기타공공기관,https://www.kuksiwon.or.kr/,https://www.kuksiwon.or.kr/notice/brd/m_51/list.do?seq=51,CANDIDATE_NOT_VERIFIED,게시판 후보는 있으나 실제 게시판 검증 실패,0,0,0,0,0,0,0,0,8,0,,예,2026-09-28T17:33:04.930822+09:00,아니오,아니오,,CANDIDATE_NOT_VERIFIED,,,
한국보훈복지의료공단,준정부기관(위탁집행형),https://www.bohun.or.kr/,https://www.bohun.or.kr/main/na/ntt/selectNttList.do?mi=32371&bbsId=1152,CACHED_OR_SEED,기존 캐시/지정 게시판 확인,10,10,0,5,0,0,0,0,0,0,,아니오,2026-09-28T17:33:04.930822+09:00,아니오,아니오,,,,,
한국부동산원,공기업(준시장형),https://www.reb.or.kr/,https://www.reb.or.kr/reb/na/ntt/selectNttList.do?mi=9564&bbsId=1134,CACHED_OR_SEED,기존 캐시/지정 게시판 확인,10,10,0,6,0,0,2,0,0,0,,아니오,2026-09-28T17:33:04.930822+09:00,아니오,아니오,,,,,
한국사학진흥재단,기타공공기관,https://www.kasfo.or.kr/,https://www.kasfo.or.kr/kasfo/919/subview.do,CANDIDATE_NOT_VERIFIED,게시판 후보는 있으나 실제 게시판 검증 실패,0,0,0,0,0,0,0,0,8,0,,예,2026-09-28T17:33:04.930822+09:00,아니오,아니오,,CANDIDATE_NOT_VERIFIED,,,
한국사회보장정보원,준정부기관(위탁집행형),http://www.ssis.or.kr/,https://www.ssis.or.kr/lay1/bbs/S1T67C95/A/102/list.do,CACHED_OR_SEED,기존 캐시/지정 게시판 확인,10,10,0,8,0,0,0,0,0,0,,아니오,2026-09-28T17:33:04.930822+09:00,아니오,아니오,,,,,
한국사회복지협의회,기타공공기관,https://www.bokji.net/,https://www.bokji.net/not/nti/01.bokji,HOME_ERROR,홈페이지 접속 실패,0,0,0,0,0,0,0,0,0,0,,예,2026-09-28T17:33:04.930822+09:00,아니오,아니오,,HOME_ERROR,,,
한국사회적기업진흥원,기타공공기관,https://www.socialenterprise.or.kr/,https://www.socialenterprise.or.kr/homepage/bbs/board.do?bsIdx=10002&menuId=822,CACHED_OR_SEED,기존 캐시/지정 게시판 확인,10,10,0,0,0,0,0,0,0,0,,아니오,2026-09-28T17:33:04.930822+09:00,아니오,아니오,,,,,
한국산림복지진흥원,준정부기관(위탁집행형),https://www.fowi.or.kr/,https://www.fowi.or.kr/user/bbs/bbsList.do?bbsManageId=12,CANDIDATE_NOT_VERIFIED,게시판 후보는 있으나 실제 게시판 검증 실패,0,0,0,0,0,0,0,0,8,0,,예,2026-09-28T17:33:04.930822+09:00,아니오,아니오,,CANDIDATE_NOT_VERIFIED,,,
한국산업기술기획평가원,준정부기관(위탁집행형),https://www.keit.re.kr/,https://www.keit.re.kr/board.es?mid=a10301010000&bid=0009,CACHED_OR_SEED,기존 캐시/지정 게시판 확인,1,1,0,1,0,0,0,0,0,0,,아니오,2026-09-28T17:33:04.930822+09:00,아니오,아니오,,,,,
한국산업기술시험원,기타공공기관,https://www.ktl.re.kr/,https://www.ktl.re.kr/notice/notice_1/notice_announcement.do?temp_var=&menu_gubun=mid&menu_no=4&menu_no2=0&&searchOption1=%EA%B3%B5%EC%A7%80%EC%82%AC%ED%95%AD,CANDIDATE_NOT_VERIFIED,게시판 후보는 있으나 실제 게시판 검증 실패,0,0,0,0,0,0,0,0,8,0,,예,2026-09-28T17:33:04.930822+09:00,아니오,아니오,,CANDIDATE_NOT_VERIFIED,,,
한국산업기술진흥원,준정부기관(위탁집행형),https://www.kiat.or.kr/,https://www.kiat.or.kr/front/board/boardContentsListPage.do?board_id=5&MenuId=2124728cc8cc4b74a31bbe97d7977c6d,CACHED_OR_SEED,기존 캐시/지정 게시판 확인,1,1,0,1,0,0,0,0,0,0,,아니오,2026-09-28T17:33:04.930822+09:00,아니오,아니오,,,,,
한국산업단지공단,준정부기관(위탁집행형),https://www.kicox.or.kr/,https://www.kicox.or.kr/boardList/1016,HOME_ERROR,홈페이지 접속 실패,0,0,0,0,0,0,0,0,0,0,,예,2026-09-28T17:33:04.930822+09:00,아니오,아니오,,HOME_ERROR,,,
한국산업안전보건공단,준정부기관(위탁집행형),https://kosha.or.kr/,https://kosha.or.kr/notification/notice/contruction,CANDIDATE_NOT_VERIFIED,게시판 후보는 있으나 실제 게시판 검증 실패,0,0,0,0,0,0,0,0,8,0,,예,2026-09-28T17:33:04.930822+09:00,아니오,아니오,,CANDIDATE_NOT_VERIFIED,,,
한국산업은행,기타공공기관,http://www.kdb.co.kr/,https://www.kdb.co.kr/index.jsp,CANDIDATE_NOT_VERIFIED,게시판 후보는 있으나 실제 게시판 검증 실패,0,0,0,0,0,0,0,0,8,0,,예,2026-09-28T17:33:04.930822+09:00,아니오,아니오,,CANDIDATE_NOT_VERIFIED,,,
한국산업인력공단,준정부기관(위탁집행형),https://www.hrdkorea.or.kr/,https://www.hrdkorea.or.kr/3/1/1?pageNo=&searchType=&searchText=,CACHED_OR_SEED,기존 캐시/지정 게시판 확인,10,10,0,2,0,0,0,0,0,0,,아니오,2026-09-28T17:33:04.930822+09:00,아니오,아니오,,,,,
한국상하수도협회,기타공공기관,https://www.kwwa.or.kr/,https://www.kwwa.or.kr/kr/board/notify_20/boardList.do,HOME_ERROR,홈페이지 접속 실패,0,0,0,0,0,0,0,0,0,0,,예,2026-09-28T17:33:04.930822+09:00,아니오,아니오,,HOME_ERROR,,,
한국생명존중희망재단,기타공공기관,https://www.kfsp.or.kr/,https://www.kfsp.or.kr/home/kor/board.do?menuPos=62,CACHED_OR_SEED,기존 캐시/지정 게시판 확인,1,1,0,0,0,0,0,0,0,0,,아니오,2026-09-28T17:33:04.930822+09:00,아니오,아니오,,,,,
한국서부발전(주),공기업(시장형),https://www.iwest.co.kr/,https://www.iwest.co.kr/iwest/431/subview.do?enc=Zm5jdDF8QEB8JTJGYmJzJTJGaXdlc3QlMkYxMjElMkZhcnRjbExpc3QuZG8lM0Y%3D,CANDIDATE_NOT_VERIFIED,게시판 후보는 있으나 실제 게시판 검증 실패,0,0,0,0,0,0,0,0,8,0,,예,2026-09-28T17:33:04.930822+09:00,아니오,아니오,,CANDIDATE_NOT_VERIFIED,,,
한국석유공사,공기업(시장형),https://www.knoc.co.kr/,https://www.knoc.co.kr/sub05/sub05_5_5.jsp,CACHED_OR_SEED,기존 캐시/지정 게시판 확인,10,10,0,10,0,0,0,0,0,0,,아니오,2026-09-28T17:33:04.930822+09:00,아니오,아니오,,,,,
한국석유관리원,준정부기관(위탁집행형),http://www.kpetro.or.kr/,https://www.kpetro.or.kr/lay1/bbs/S1T52C254/A/1/list.do,CACHED_OR_SEED,기존 캐시/지정 게시판 확인,10,10,0,10,0,0,10,0,0,0,,아니오,2026-09-28T17:33:04.930822+09:00,아니오,아니오,,,,,
한국세라믹기술원,기타공공기관,https://www.kicet.re.kr/,https://www.kicet.re.kr/00020/00117/00120.web,CACHED_OR_SEED,기존 캐시/지정 게시판 확인,10,10,0,10,0,0,0,0,0,0,,아니오,2026-09-28T17:33:04.930822+09:00,아니오,아니오,,,,,
한국소방산업기술원,기타공공기관,https://www.kfi.or.kr/,https://www.kfi.or.kr/portal/bbs/B0000022/list.do?menuNo=500009,HOME_ERROR,홈페이지 접속 실패,0,0,0,0,0,0,0,0,0,0,,예,2026-09-28T17:33:04.930822+09:00,아니오,아니오,,HOME_ERROR,,,
한국소비자원,준정부기관(위탁집행형),https://www.kca.go.kr/,https://www.kca.go.kr/home/sub.do?menukey=4003,CANDIDATE_NOT_VERIFIED,게시판 후보는 있으나 실제 게시판 검증 실패,0,0,0,0,0,0,0,0,8,0,,예,2026-09-28T17:33:04.930822+09:00,아니오,아니오,,CANDIDATE_NOT_VERIFIED,,,
한국수력원자력(주),공기업(시장형),https://www.khnp.co.kr/,https://www.khnp.co.kr/main/selectBbsNttList.do?key=2288&bbsNo=67&nttNo=76747&searchCtgry=&searchCnd=all&searchKrwd=&integrDeptCode=&pageIndex=1,HOME_ERROR,홈페이지 접속 실패,0,0,0,0,0,0,0,0,0,0,,예,2026-09-28T17:33:04.930822+09:00,아니오,아니오,,HOME_ERROR,,,
한국수목원정원관리원,준정부기관(위탁집행형),https://www.koagi.or.kr/,https://www.koagi.or.kr/www/user/bbs/BD_selectBbsList.do?q_bbsSn=1001,CACHED_OR_SEED,기존 캐시/지정 게시판 확인,10,10,0,9,0,0,0,0,0,0,,아니오,2026-09-28T17:33:04.930822+09:00,아니오,아니오,,,,,
한국수산자원공단,기타공공기관,http://www.fira.or.kr/,https://www.fira.or.kr/newfira/web/news/news01_01.jsp,CACHED_OR_SEED,기존 캐시/지정 게시판 확인,2,2,0,2,0,0,0,0,0,0,,아니오,2026-09-28T17:33:04.930822+09:00,아니오,아니오,,,,,
한국수자원공사,공기업(준시장형),https://www.kwater.or.kr/,https://www.kwater.or.kr/news/sub01/noti01List.do?s_mid=105&brdId=KO27,CACHED_OR_SEED,기존 캐시/지정 게시판 확인,10,10,0,9,0,0,0,0,0,0,,아니오,2026-09-28T17:33:04.930822+09:00,아니오,아니오,,,,,
한국수자원조사기술원,기타공공기관,https://www.kihs.re.kr/,https://www.kihs.re.kr/kor_sub/bbs/notice_list.do,CACHED_OR_SEED,기존 캐시/지정 게시판 확인,10,10,0,10,0,0,0,0,0,0,,아니오,2026-09-28T17:33:04.930822+09:00,아니오,아니오,,,,,
한국수출입은행,기타공공기관,https://www.koreaexim.go.kr/,https://www.koreaexim.go.kr/HPHKBI039M01?curPage=,HOME_ERROR,홈페이지 접속 실패,0,0,0,0,0,0,0,0,0,0,,예,2026-09-28T17:33:04.930822+09:00,아니오,아니오,,HOME_ERROR,,,
한국스포츠레저(주),기타공공기관,https://www.kospole.co.kr/,https://www.kospole.co.kr/toto/board/pr,CACHED_OR_SEED,기존 캐시/지정 게시판 확인,10,10,0,8,0,0,0,0,0,0,,아니오,2026-09-28T17:33:04.930822+09:00,아니오,아니오,,,,,
한국승강기안전공단,준정부기관(위탁집행형),https://home.koelsa.or.kr/,https://home.koelsa.or.kr/portal/bbs/list.do?ptIdx=112&mId=0401000000,CACHED_OR_SEED,기존 캐시/지정 게시판 확인,9,9,0,3,0,0,0,0,0,0,,아니오,2026-09-28T17:33:04.930822+09:00,아니오,아니오,,,,,
한국식품산업클러스터진흥원,기타공공기관,https://www.foodpolis.kr/,https://www.foodpolis.kr/web/info/notice/sub01.do,CACHED_OR_SEED,기존 캐시/지정 게시판 확인,1,1,0,0,0,0,0,0,0,0,,아니오,2026-09-28T17:33:04.930822+09:00,아니오,아니오,,,,,
한국식품안전관리인증원,기타공공기관,https://www.haccp.or.kr/,https://www.haccp.or.kr/user/board.do?board=743,CANDIDATE_NOT_VERIFIED,게시판 후보는 있으나 실제 게시판 검증 실패,0,0,0,0,0,0,0,0,8,0,,예,2026-09-28T17:33:04.930822+09:00,아니오,아니오,,CANDIDATE_NOT_VERIFIED,,,
한국양성평등교육진흥원,기타공공기관,http://www.kigepe.or.kr/,https://www.kigepe.or.kr:443/user/cop/bbs/selectBoardList.do?bbsId=BBSMSTR_000000000001&menuNo=13100,CACHED_OR_SEED,기존 캐시/지정 게시판 확인,10,10,0,6,0,0,0,0,0,0,,아니오,2026-09-28T17:33:04.930822+09:00,아니오,아니오,,,,,
한국어촌어항공단,기타공공기관,https://www.fipa.or.kr/,https://www.fipa.or.kr/fipa/bbs/i-167/list.do,CANDIDATE_NOT_VERIFIED,게시판 후보는 있으나 실제 게시판 검증 실패,0,0,0,0,0,0,0,0,8,0,,예,2026-09-28T17:33:04.930822+09:00,아니오,아니오,,CANDIDATE_NOT_VERIFIED,,,
한국언론진흥재단,기타공공기관,https://www.kpf.or.kr/,https://www.kpf.or.kr/front/board/boardContentsListPage.do?board_id=245,CACHED_OR_SEED,기존 캐시/지정 게시판 확인,3,3,0,3,0,0,0,0,0,0,,아니오,2026-09-28T17:33:04.930822+09:00,아니오,아니오,,,,,
한국에너지공단,준정부기관(위탁집행형),http://www.energy.or.kr/,https://www.energy.or.kr/front/board/List2.do,CACHED_OR_SEED,기존 캐시/지정 게시판 확인,10,10,0,7,0,0,0,0,0,0,,아니오,2026-09-28T17:33:04.930822+09:00,아니오,아니오,,,,,
한국에너지기술평가원,기타공공기관,https://www.ketep.re.kr/,https://www.ketep.re.kr/board?menuId=MENU002080100000000&boardId=BOARD00022,CACHED_OR_SEED,기존 캐시/지정 게시판 확인,10,10,0,1,0,0,1,0,0,0,,아니오,2026-09-28T17:33:04.930822+09:00,아니오,아니오,,,,,
한국에너지정보문화재단,기타공공기관,https://e-policy.or.kr/,https://e-policy.or.kr/web/lay1/bbs/S1T16C17/A/1/list.do,CACHED_OR_SEED,기존 캐시/지정 게시판 확인,10,10,0,9,0,0,0,0,0,0,,아니오,2026-09-28T17:33:04.930822+09:00,아니오,아니오,,,,,
한국여성과학기술인육성재단,기타공공기관,https://www.wiset.or.kr/,https://www.wiset.or.kr/prog/bbsArticle/BBSMSTR_000000000304/list.do,CACHED_OR_SEED,기존 캐시/지정 게시판 확인,10,10,0,9,0,0,0,0,0,0,,아니오,2026-09-28T17:33:04.930822+09:00,아니오,아니오,,,,,
한국여성인권진흥원,기타공공기관,https://www.stop.or.kr/,https://www.stop.or.kr/home/kor/M603403122/board.do?,CACHED_OR_SEED,기존 캐시/지정 게시판 확인,9,9,0,6,0,0,0,0,0,0,,아니오,2026-09-28T17:33:04.930822+09:00,아니오,아니오,,,,,
한국여성정책연구원,기타공공기관,https://www.kwdi.re.kr/,https://www.kwdi.re.kr/plaza/noticeView.do?p=1&idx=134302,CACHED_OR_SEED,기존 캐시/지정 게시판 확인,10,10,0,6,0,0,2,0,0,0,,아니오,2026-09-28T17:33:04.930822+09:00,아니오,아니오,,,,,
한국연구재단,준정부기관(위탁집행형),https://www.nrf.re.kr/,https://www.nrf.re.kr/page/53?menuNo=53,CACHED_OR_SEED,기존 캐시/지정 게시판 확인,10,10,0,6,0,0,0,0,0,0,,아니오,2026-09-28T17:33:04.930822+09:00,아니오,아니오,,,,,
한국영상자료원,기타공공기관,https://www.koreafilm.or.kr/,https://www.koreafilm.or.kr/kofa/news/notice,CACHED_OR_SEED,기존 캐시/지정 게시판 확인,10,10,0,8,0,0,0,0,0,0,,아니오,2026-09-28T17:33:04.930822+09:00,아니오,아니오,,,,,
한국영유아보육·교육진흥원,기타공공기관,http://www.kicece.or.kr/,https://www.kicece.or.kr/kcpi/cyberpr/noti.do,CACHED_OR_SEED,기존 캐시/지정 게시판 확인,1,1,0,1,0,0,0,0,0,0,,아니오,2026-09-28T17:33:04.930822+09:00,아니오,아니오,,,,,
한국예술인복지재단,기타공공기관,http://www.kawf.kr/,https://www.kawf.kr:443/notice/sub01.do,CACHED_OR_SEED,기존 캐시/지정 게시판 확인,9,9,0,7,0,0,0,0,0,0,,아니오,2026-09-28T17:33:04.930822+09:00,아니오,아니오,,,,,
한국원산지정보원,기타공공기관,https://www.origin.or.kr/,https://www.origin.or.kr/lay1/bbs/S1T12C49/A/12/list.do?cpage=&rows=&condition=&keyword=&cat=,CACHED_OR_SEED,기존 캐시/지정 게시판 확인,10,10,0,9,0,0,0,0,0,0,,아니오,2026-09-28T17:33:04.930822+09:00,아니오,아니오,,,,,
한국원자력안전기술원,기타공공기관,https://www.kins.re.kr/,https://www.kins.re.kr/notice,CACHED_OR_SEED,기존 캐시/지정 게시판 확인,10,10,0,9,0,0,0,0,0,0,,아니오,2026-09-28T17:33:04.930822+09:00,아니오,아니오,,,,,
한국원자력안전재단,기타공공기관,https://www.kofons.or.kr/,https://www.kofons.or.kr/web/cop/bbsWeb/selectBoardList.do?bbsId=BBSMSTR_000000000431,CACHED_OR_SEED,기존 캐시/지정 게시판 확인,10,10,0,10,0,0,0,0,0,0,,아니오,2026-09-28T17:33:04.930822+09:00,아니오,아니오,,,,,
한국원자력의학원,기타공공기관,https://www.kirams.re.kr/,https://www.kirams.re.kr/kirams/board/generalBoardList5.do,CACHED_OR_SEED,기존 캐시/지정 게시판 확인,10,10,0,9,0,0,0,0,0,0,,아니오,2026-09-28T17:33:04.930822+09:00,아니오,아니오,,,,,
한국원자력통제기술원,기타공공기관,https://www.kinac.re.kr/,https://www.kinac.re.kr/board?menuId=MN0000000498&siteId=00002,CACHED_OR_SEED,기존 캐시/지정 게시판 확인,10,10,0,10,0,0,1,0,0,0,,아니오,2026-09-28T17:33:04.930822+09:00,아니오,아니오,,,,,
한국원자력환경공단,준정부기관(위탁집행형),https://www.korad.or.kr/,https://www.korad.or.kr/korad/board/index.do?menu_idx=54&manage_idx=22,CANDIDATE_NOT_VERIFIED,게시판 후보는 있으나 실제 게시판 검증 실패,0,0,0,0,0,0,0,0,8,0,,예,2026-09-28T17:33:04.930822+09:00,아니오,아니오,,CANDIDATE_NOT_VERIFIED,,,
한국의료기기안전정보원,기타공공기관,http://www.nids.or.kr/,https://www.nids.or.kr/board/list.jsp?page=nt&mnu=1,CANDIDATE_NOT_VERIFIED,게시판 후보는 있으나 실제 게시판 검증 실패,0,0,0,0,0,0,0,0,8,0,,예,2026-09-28T17:33:04.930822+09:00,아니오,아니오,,CANDIDATE_NOT_VERIFIED,,,
한국의료분쟁조정중재원,기타공공기관,https://www.k-medi.or.kr/,https://www.k-medi.or.kr/web/lay1/bbs/S1T13C18/A/1/list.do,CACHED_OR_SEED,기존 캐시/지정 게시판 확인,5,5,0,3,0,0,0,0,0,0,,아니오,2026-09-28T17:33:04.930822+09:00,아니오,아니오,,,,,
한국의약품안전관리원,기타공공기관,https://www.drugsafe.or.kr/,https://www.drugsafe.or.kr/iwt/ds/ko/bbs/EgovBbs.do?bbsId=BBSMSTR_000000000011,CACHED_OR_SEED,기존 캐시/지정 게시판 확인,10,10,0,8,0,0,0,0,0,0,,아니오,2026-09-28T17:33:04.930822+09:00,아니오,아니오,,,,,
한국인터넷진흥원,준정부기관(위탁집행형),https://www.kisa.or.kr/,https://www.kisa.or.kr/401,HOME_ERROR,홈페이지 접속 실패,0,0,0,0,0,0,0,0,0,0,,예,2026-09-28T17:33:04.930822+09:00,아니오,아니오,,HOME_ERROR,,,
한국임업진흥원,기타공공기관,https://www.kofpi.or.kr/,https://www.kofpi.or.kr/notice/notice_01.do,CACHED_OR_SEED,기존 캐시/지정 게시판 확인,10,10,0,7,0,0,0,0,0,0,,아니오,2026-09-28T17:33:04.930822+09:00,아니오,아니오,,,,,
한국자산관리공사,준정부기관(기금관리형),http://www.kamco.or.kr/,https://www.kamco.or.kr/portal/bbs/list.do?ptIdx=380&mId=0701010000,CACHED_OR_SEED,기존 캐시/지정 게시판 확인,10,10,0,9,0,0,0,0,0,0,,아니오,2026-09-28T17:33:04.930822+09:00,아니오,아니오,,,,,
한국잡월드,기타공공기관,http://www.koreajobworld.or.kr/,https://www.koreajobworld.or.kr/boardList.do?mid=42&menuId=55&bid=1&site=10&portalMenuNo=39,CANDIDATE_NOT_VERIFIED,게시판 후보는 있으나 실제 게시판 검증 실패,0,0,0,0,0,0,0,0,8,0,,예,2026-09-28T17:33:04.930822+09:00,아니오,아니오,,CANDIDATE_NOT_VERIFIED,,,
한국장애인개발원,기타공공기관,https://www.koddi.or.kr/,https://www.koddi.or.kr/bbs/notice01.jsp,CACHED_OR_SEED,기존 캐시/지정 게시판 확인,10,10,0,6,0,0,6,0,0,0,,아니오,2026-09-28T17:33:04.930822+09:00,아니오,아니오,,,,,
한국장애인고용공단,준정부기관(위탁집행형),https://www.kead.or.kr/,https://www.kead.or.kr/bbs/deptgongji/bbsPage.do?menuId=MENU0895,CACHED_OR_SEED,기존 캐시/지정 게시판 확인,10,10,0,10,0,0,0,0,0,0,,아니오,2026-09-28T17:33:04.930822+09:00,아니오,아니오,,,,,
한국장학재단,준정부기관(위탁집행형),https://www.kosaf.go.kr/,https://www.kosaf.go.kr/ko/notice.do?pg=PTKONotice_List,CACHED_OR_SEED,기존 캐시/지정 게시판 확인,10,10,0,9,0,0,0,0,0,0,,아니오,2026-09-28T17:33:04.930822+09:00,아니오,아니오,,,,,
한국재정정보원,준정부기관(위탁집행형),https://www.fis.kr/,https://www.fis.kr/ko/notification/notice,CANDIDATE_NOT_VERIFIED,게시판 후보는 있으나 실제 게시판 검증 실패,0,0,0,0,0,0,0,0,8,0,,예,2026-09-28T17:33:04.930822+09:00,아니오,아니오,,CANDIDATE_NOT_VERIFIED,,,
한국저작권보호원,기타공공기관,https://www.kcopa.or.kr/,https://www.kcopa.or.kr/lay1/bbs/S1T12C49/A/12/list.do,CACHED_OR_SEED,기존 캐시/지정 게시판 확인,3,3,0,0,0,0,0,0,0,0,,아니오,2026-09-28T17:33:04.930822+09:00,아니오,아니오,,,,,
한국저작권위원회,기타공공기관,https://www.copyright.or.kr/,https://www.copyright.or.kr/notify/notice/list.do,CACHED_OR_SEED,기존 캐시/지정 게시판 확인,10,10,0,9,0,0,0,0,0,0,,아니오,2026-09-28T17:33:04.930822+09:00,아니오,아니오,,,,,
한국전기안전공사,준정부기관(위탁집행형),http://www.kesco.or.kr/,https://www.kesco.or.kr/bbs/selectPageListBbs.do,CANDIDATE_NOT_VERIFIED,게시판 후보는 있으나 실제 게시판 검증 실패,0,0,0,0,0,0,0,0,8,0,,예,2026-09-28T17:33:04.930822+09:00,아니오,아니오,,CANDIDATE_NOT_VERIFIED,,,
한국전력거래소,준정부기관(위탁집행형),https://www.kpx.or.kr/,https://www.kpx.or.kr/board.es?mid=a11201000000&bid=0042,CACHED_OR_SEED,기존 캐시/지정 게시판 확인,10,10,0,8,0,0,1,0,0,0,,아니오,2026-09-28T17:33:04.930822+09:00,아니오,아니오,,,,,
한국전력공사,공기업(시장형),https://kepco.co.kr/,https://www.kepco.co.kr/home/media/newsroom/notice/boardList.do,CACHED_OR_SEED,기존 캐시/지정 게시판 확인,10,10,0,10,0,0,2,0,0,0,,아니오,2026-09-28T17:33:04.930822+09:00,아니오,아니오,,,,,
한국전력국제원자력대학원대학교,기타공공기관,https://kings.ac.kr/,https://kings.ac.kr/cop/bbs/selectBoardList.do?bbsId=BBSMSTR_000000000245,CACHED_OR_SEED,기존 캐시/지정 게시판 확인,10,10,0,10,0,0,0,0,0,0,,아니오,2026-09-28T17:33:04.930822+09:00,아니오,아니오,,,,,
한국전력기술주식회사,공기업(준시장형),https://www.kepco-enc.com/,https://www.kepco-enc.com/board.es?mid=a10601000000&bid=0024,CACHED_OR_SEED,기존 캐시/지정 게시판 확인,1,1,0,0,0,0,0,0,0,0,,아니오,2026-09-28T17:33:04.930822+09:00,아니오,아니오,,,,,
한국제품안전관리원,기타공공기관,https://www.kips.kr/,https://www.kips.kr/cntns/cntns.do?menuSn=5010,CACHED_OR_SEED,기존 캐시/지정 게시판 확인,10,10,0,9,0,0,0,0,0,0,,아니오,2026-09-28T17:33:04.930822+09:00,아니오,아니오,,,,,
한국조세재정연구원,기타공공기관,https://www.kipf.re.kr/,https://www.kipf.re.kr/bbs/kor_Plaza_Notice.do,CACHED_OR_SEED,기존 캐시/지정 게시판 확인,5,5,0,4,0,0,2,0,0,0,,아니오,2026-09-28T17:33:04.930822+09:00,아니오,아니오,,,,,
한국조폐공사,공기업(준시장형),https://www.komsco.com/,https://www.komsco.com/kor/article/notice,HOME_ERROR,홈페이지 접속 실패,0,0,0,0,0,0,0,0,0,0,,예,2026-09-28T17:33:04.930822+09:00,아니오,아니오,,HOME_ERROR,,,
한국주택금융공사,준정부기관(기금관리형),https://www.hf.go.kr/,https://www.hf.go.kr/ko/sub04/sub04_08.do,CACHED_OR_SEED,기존 캐시/지정 게시판 확인,10,10,0,6,0,0,0,0,0,0,,아니오,2026-09-28T17:33:04.930822+09:00,아니오,아니오,,,,,
한국중부발전(주),공기업(시장형),https://www.komipo.co.kr/,https://www.komipo.co.kr/kor/board/BRD_000020/boardMain.do?mnCd=FN100101&pageSize=10,CANDIDATE_NOT_VERIFIED,게시판 후보는 있으나 실제 게시판 검증 실패,0,0,0,0,0,0,0,0,8,0,,예,2026-09-28T17:33:04.930822+09:00,아니오,아니오,,CANDIDATE_NOT_VERIFIED,,,
한국중소벤처기업유통원,기타공공기관,https://www.kodma.or.kr/,https://www.kodma.or.kr/bbs/list.do?currentPageNo=1&pageSize=10&totalRecordCount=0&totalPageCount=1&firstPageNoOnPageList=1&lastPageNoOnPageList=1&firstRecordIndex=0&lastRecordIndex=10&key=2409240028&pageIndex=1&pageUnit=10&orderBy=bbsOrdr+desc&sc_limitAt=Y&rowNum=0&firstPageNo=1&lastPageNo=1,CANDIDATE_NOT_VERIFIED,게시판 후보는 있으나 실제 게시판 검증 실패,0,0,0,0,0,0,0,0,8,0,,예,2026-09-28T17:33:04.930822+09:00,아니오,아니오,,CANDIDATE_NOT_VERIFIED,,,
한국지능정보사회진흥원,준정부기관(위탁집행형),https://www.nia.or.kr/,https://www.nia.or.kr/site/nia_kor/ex/bbs/List.do?cbIdx=99835,CACHED_OR_SEED,기존 캐시/지정 게시판 확인,10,10,0,10,0,0,0,0,0,0,,아니오,2026-09-28T17:33:04.930822+09:00,아니오,아니오,,,,,
한국지식재산보호원,기타공공기관,https://www.koipa.re.kr/,https://www.koipa.re.kr/home/board/brdList.do?menu_cd=000045,CACHED_OR_SEED,기존 캐시/지정 게시판 확인,10,10,0,8,0,0,0,0,0,0,,아니오,2026-09-28T17:33:04.930822+09:00,아니오,아니오,,,,,
한국지식재산연구원,기타공공기관,https://www.kiip.re.kr/,https://www.kiip.re.kr/board/notice/list.do?bd_gb=board&bd_cd=1&bd_item=0&po_item_gb=1,CANDIDATE_NOT_VERIFIED,게시판 후보는 있으나 실제 게시판 검증 실패,0,0,0,0,0,0,0,0,8,0,,예,2026-09-28T17:33:04.930822+09:00,아니오,아니오,,CANDIDATE_NOT_VERIFIED,,,
한국지역난방공사,공기업(시장형),https://www.kdhc.co.kr/,https://www.kdhc.co.kr/kdhc/bbs/B0000020/list.do?menuNo=200124&pageIndex=,HOME_ERROR,홈페이지 접속 실패,0,0,0,0,0,0,0,0,0,0,,예,2026-09-28T17:33:04.930822+09:00,아니오,아니오,,HOME_ERROR,,,
한국직업능력연구원,기타공공기관,https://www.krivet.re.kr/,https://www.krivet.re.kr/kor/sub.do?menuSn=23,CACHED_OR_SEED,기존 캐시/지정 게시판 확인,3,3,0,0,0,0,0,0,0,0,,아니오,2026-09-28T17:33:04.930822+09:00,아니오,아니오,,,,,
한국철도공사,공기업(준시장형),https://info.korail.com/,https://info.korail.com/info/selectBbsNttList.do?bbsNo=200&key=910,CANDIDATE_NOT_VERIFIED,게시판 후보는 있으나 실제 게시판 검증 실패,0,0,0,0,0,0,0,0,8,0,,예,2026-09-28T17:33:04.930822+09:00,아니오,아니오,,CANDIDATE_NOT_VERIFIED,,,
한국청소년상담복지개발원,기타공공기관,http://www.kyci.or.kr/,https://www.kyci.or.kr/boardManagement/board.asp?bid=bid_1&menuCategory=5,CANDIDATE_NOT_VERIFIED,게시판 후보는 있으나 실제 게시판 검증 실패,0,0,0,0,0,0,0,0,8,0,,예,2026-09-28T17:33:04.930822+09:00,아니오,아니오,,CANDIDATE_NOT_VERIFIED,,,
한국청소년정책연구원,기타공공기관,https://www.nypi.re.kr/,https://www.nypi.re.kr/board?menuKey=D7eWzSzI7U&siteId=SITE00002&bbsId=BOARD00015,CACHED_OR_SEED,기존 캐시/지정 게시판 확인,1,1,0,1,0,0,0,0,0,0,,아니오,2026-09-28T17:33:04.930822+09:00,아니오,아니오,,,,,
한국청소년활동진흥원,기타공공기관,https://www.kywa.or.kr/,https://www.kywa.or.kr/pressinfo/notice_list.jsp,HOME_ERROR,홈페이지 접속 실패,0,0,0,0,0,0,0,0,0,0,,예,2026-09-28T17:33:04.930822+09:00,아니오,아니오,,HOME_ERROR,,,
한국체육산업개발(주),기타공공기관,https://www.ksponco.or.kr/,https://www.ksponco.or.kr/gallery.es?mid=a10201020000&bid=0028&nPage=1&v_type=&b_list_cnt=10&ord=&tag=&list_no=8025&act=view&keyField=&keyWord=,CACHED_OR_SEED,기존 캐시/지정 게시판 확인,10,10,0,8,0,1,0,0,0,0,,아니오,2026-09-28T17:33:04.930822+09:00,아니오,아니오,,,,,
한국출판문화산업진흥원,기타공공기관,http://www.kpipa.or.kr/,https://www.kpipa.or.kr/p/g1_1,CACHED_OR_SEED,기존 캐시/지정 게시판 확인,10,10,0,3,0,0,0,0,0,0,,아니오,2026-09-28T17:33:04.930822+09:00,아니오,아니오,,,,,
한국치산기술협회,기타공공기관,https://www.kafet.or.kr/,,HOME_ERROR,홈페이지 접속 실패,0,0,0,0,0,0,0,0,0,0,,예,2026-09-28T17:33:04.930822+09:00,아니오,아니오,,HOME_ERROR,,,
한국콘텐츠진흥원,기타공공기관,https://www.kocca.kr/,https://www.kocca.kr/kocca/bbs/list/B0000137.do?menuNo=204802,CACHED_OR_SEED,기존 캐시/지정 게시판 확인,10,10,0,9,0,0,0,0,0,0,,아니오,2026-09-28T17:33:04.930822+09:00,아니오,아니오,,,,,
한국탄소산업진흥원,기타공공기관,https://www.kcarbon.or.kr/,https://www.kcarbon.or.kr/bbs/board.php?bo_id=notice,CACHED_OR_SEED,기존 캐시/지정 게시판 확인,10,10,0,10,0,0,1,0,0,0,,아니오,2026-09-28T17:33:04.930822+09:00,아니오,아니오,,,,,
한국토지주택공사,공기업(준시장형),https://www.lh.or.kr/,https://www.lh.or.kr/board.es?mid=a10601010000&bid=0033,CACHED_OR_SEED,기존 캐시/지정 게시판 확인,10,10,0,10,0,0,0,0,0,0,,아니오,2026-09-28T17:33:04.930822+09:00,아니오,아니오,,,,,
한국투자공사,기타공공기관,https://www.kic.kr/,https://kic.kr/ko/news/announcements/notice,HOME_ERROR,홈페이지 접속 실패,0,0,0,0,0,0,0,0,0,0,,예,2026-09-28T17:33:04.930822+09:00,아니오,아니오,,HOME_ERROR,,,
한국특허기술진흥원,기타공공기관,https://www.kipro.or.kr/,https://www.kipro.or.kr/board/notice/list,CACHED_OR_SEED,기존 캐시/지정 게시판 확인,10,10,0,10,0,0,0,0,0,0,,아니오,2026-09-28T17:33:04.930822+09:00,아니오,아니오,,,,,
한국특허전략개발원,기타공공기관,https://www.kista.re.kr/,https://www.kista.re.kr/user/board.do?bbsId=BBSMSTR_000000000532,CACHED_OR_SEED,기존 캐시/지정 게시판 확인,10,10,0,8,0,0,2,0,0,0,,아니오,2026-09-28T17:33:04.930822+09:00,아니오,아니오,,,,,
한국특허정보원,기타공공기관,https://www.kipi.or.kr/,https://www.kipi.or.kr/cop/bbs/selectBoardList.do?bbsId=BBSMSTR_EEEEEEEEEEEE,CANDIDATE_NOT_VERIFIED,게시판 후보는 있으나 실제 게시판 검증 실패,0,0,0,0,0,0,0,0,8,0,,예,2026-09-28T17:33:04.930822+09:00,아니오,아니오,,CANDIDATE_NOT_VERIFIED,,,
한국학중앙연구원,기타공공기관,http://www.aks.ac.kr/,http://www.aks.ac.kr/cop/bbs/selectBoardList.do?bbsId=BBSMSTR_000000000082&menuNo=4010110000,CACHED_OR_SEED,기존 캐시/지정 게시판 확인,10,10,0,0,0,0,0,0,0,0,,아니오,2026-09-28T17:33:04.930822+09:00,아니오,아니오,,,,,
한국한의약진흥원,기타공공기관,https://www.nikom.or.kr/,https://nikom.or.kr/nikom/board/index.do?menu_idx=23&manage_idx=106,CANDIDATE_NOT_VERIFIED,게시판 후보는 있으나 실제 게시판 검증 실패,0,0,0,0,0,0,0,0,8,0,,예,2026-09-28T17:33:04.930822+09:00,아니오,아니오,,CANDIDATE_NOT_VERIFIED,,,
한국항로표지기술원,기타공공기관,https://www.katon.or.kr/,https://www.katon.or.kr/article/notice/list?pageIndex=1,CACHED_OR_SEED,기존 캐시/지정 게시판 확인,10,10,0,9,0,0,0,0,0,0,,아니오,2026-09-28T17:33:04.930822+09:00,아니오,아니오,,,,,
한국해양과학기술원,기타공공기관,https://www.kiost.ac.kr/,https://www.kiost.ac.kr/cop/bbs/BBSMSTR_000000000072/selectBoardList.do;jsessionid=CA6A51213F602C25B1E8AF6A3748FCF6,CACHED_OR_SEED,기존 캐시/지정 게시판 확인,10,10,0,8,0,0,2,0,0,0,,아니오,2026-09-28T17:33:04.930822+09:00,아니오,아니오,,,,,
한국해양교통안전공단,준정부기관(위탁집행형),https://www.komsa.or.kr/,https://www.komsa.or.kr/bbs/BBSMSTR_000000000738/list.do,DISCOVERED,홈페이지에서 게시판을 새로 발견,2,2,0,1,0,0,1,0,8,1,8.0,아니오,2026-09-28T17:33:04.930822+09:00,아니오,아니오,,VERIFIED,,,8.0
한국해양수산개발원,기타공공기관,https://www.kmi.re.kr/,https://www.kmi.re.kr/web/board/list.do?rbsIdx=68,CANDIDATE_NOT_VERIFIED,게시판 후보는 있으나 실제 게시판 검증 실패,0,0,0,0,0,0,0,0,8,0,,예,2026-09-28T17:33:04.930822+09:00,아니오,아니오,,CANDIDATE_NOT_VERIFIED,,,
한국해양수산연수원,기타공공기관,https://www.seaman.or.kr/,https://www.seaman.or.kr/portal/bbs/list.do?ptIdx=202&mId=0301010000&token=1790594708417,CANDIDATE_NOT_VERIFIED,게시판 후보는 있으나 실제 게시판 검증 실패,0,0,0,0,0,0,0,2,10,0,,예,2026-09-28T17:33:04.930822+09:00,아니오,아니오,,CANDIDATE_NOT_VERIFIED,,,
한국해양조사협회,기타공공기관,https://www.khra.kr/,https://www.khra.kr/hmpg/noto/nota/bordContListPage.do?bbs_no=1,CANDIDATE_NOT_VERIFIED,게시판 후보는 있으나 실제 게시판 검증 실패,0,0,0,0,0,0,0,0,8,0,,예,2026-09-28T17:33:04.930822+09:00,아니오,아니오,,CANDIDATE_NOT_VERIFIED,,,
한국해양진흥공사,기타공공기관,https://www.kobc.or.kr/,https://www.kobc.or.kr/ebz/kor/bbs/list.do?ptIdx=326&mId=0201000000,CANDIDATE_NOT_VERIFIED,게시판 후보는 있으나 실제 게시판 검증 실패,0,0,0,0,0,0,0,0,8,0,,예,2026-09-28T17:33:04.930822+09:00,아니오,아니오,,CANDIDATE_NOT_VERIFIED,,,
한국해외인프라도시개발지원공사,기타공공기관,https://www.kindkorea.or.kr/,https://www.kindkorea.or.kr/pages/29,CACHED_OR_SEED,기존 캐시/지정 게시판 확인,10,10,0,9,0,0,0,0,0,0,,아니오,2026-09-28T17:33:04.930822+09:00,아니오,아니오,,,,,
한국행정연구원,기타공공기관,https://www.kipa.re.kr/,https://www.kipa.re.kr/html/kor/cmn/bbs/cmnBbsGenList.do,HOME_ERROR,홈페이지 접속 실패,0,0,0,0,0,0,0,0,0,0,,예,2026-09-28T17:33:04.930822+09:00,아니오,아니오,,HOME_ERROR,,,
한국형사·법무정책연구원,기타공공기관,http://www.kicj.re.kr/,https://www.kicj.re.kr/board.es?mid=a10301000000&bid=0009,CACHED_OR_SEED,기존 캐시/지정 게시판 확인,10,10,0,9,0,0,0,0,0,0,,아니오,2026-09-28T17:33:04.930822+09:00,아니오,아니오,,,,,
한국환경공단,준정부기관(위탁집행형),https://www.keco.or.kr/,https://www.keco.or.kr/web/lay1/bbs/S1T10C108/A/18/list.do,CACHED_OR_SEED,기존 캐시/지정 게시판 확인,10,10,0,5,0,0,0,0,0,0,,아니오,2026-09-28T17:33:04.930822+09:00,아니오,아니오,,,,,
한국환경보전원,기타공공기관,https://www.keci.or.kr/,https://www.keci.or.kr/common/bbs/selectPageListBbs.do?bbs_code=A1004,CANDIDATE_NOT_VERIFIED,게시판 후보는 있으나 실제 게시판 검증 실패,0,0,0,0,0,0,0,0,8,0,,예,2026-09-28T17:33:04.930822+09:00,아니오,아니오,,CANDIDATE_NOT_VERIFIED,,,
한국환경산업기술원,준정부기관(위탁집행형),https://www.keiti.re.kr/,https://www.keiti.re.kr/site/keiti/rnd/selectRndSubjectList.do,CACHED_OR_SEED,기존 캐시/지정 게시판 확인,10,10,0,8,0,0,0,0,0,0,,아니오,2026-09-28T17:33:04.930822+09:00,아니오,아니오,,,,,
한국환경연구원,기타공공기관,https://www.kei.re.kr/,https://www.kei.re.kr/board.es?mid=a10301000000&bid=0001,CACHED_OR_SEED,기존 캐시/지정 게시판 확인,10,10,0,8,0,0,0,0,0,0,,아니오,2026-09-28T17:33:04.930822+09:00,아니오,아니오,,,,,
한식진흥원,기타공공기관,https://www.hansik.or.kr/,https://www.hansik.or.kr/board/no/list/001?menuSn=31,CACHED_OR_SEED,기존 캐시/지정 게시판 확인,10,10,0,10,0,0,0,0,0,0,,아니오,2026-09-28T17:33:04.930822+09:00,아니오,아니오,,,,,
한전KDN,공기업(준시장형),https://www.kdn.com/,http://www.kdn.com/board.kdn?mid=a10111050000&bid=0019,CACHED_OR_SEED,기존 캐시/지정 게시판 확인,10,10,0,4,0,0,0,0,0,0,,아니오,2026-09-28T17:33:04.930822+09:00,아니오,아니오,,,,,
한전KPS(주),공기업(준시장형),https://www.kps.co.kr/,https://www.kps.co.kr/web/communication/kpsnews/notice.do?pageIndex=1&menu=2467,CACHED_OR_SEED,기존 캐시/지정 게시판 확인,10,10,0,1,0,0,0,0,0,0,,아니오,2026-09-28T17:33:04.930822+09:00,아니오,아니오,,,,,
한전MCS(주),기타공공기관,https://www.kepcomcs.co.kr/,https://www.kepcomcs.co.kr/mber/opinion/notice/bbs/29/list,CACHED_OR_SEED,기존 캐시/지정 게시판 확인,10,10,0,10,0,0,0,0,0,0,,아니오,2026-09-28T17:33:04.930822+09:00,아니오,아니오,,,,,
한전원자력연료주식회사,기타공공기관,https://www.knfc.co.kr/,https://www.knfc.co.kr/menu?menuId=MENU00302,HOME_ERROR,홈페이지 접속 실패,0,0,0,0,0,0,0,0,0,0,,예,2026-09-28T17:33:04.930822+09:00,아니오,아니오,,HOME_ERROR,,,
항공안전기술원,기타공공기관,https://www.kiast.or.kr/,https://www.kiast.or.kr/kr/cop/bbs/BBSMSTR_000000000031/selectBoardList.do,CACHED_OR_SEED,기존 캐시/지정 게시판 확인,10,10,0,8,0,0,0,0,0,0,,아니오,2026-09-28T17:33:04.930822+09:00,아니오,아니오,,,,,
해양수산과학기술진흥원,기타공공기관,https://www.kimst.re.kr/,https://www.kimst.re.kr/u/news/notice_01/board.do,HOME_ERROR,홈페이지 접속 실패,0,0,0,0,0,0,0,0,0,0,,예,2026-09-28T17:33:04.930822+09:00,아니오,아니오,,HOME_ERROR,,,
해양환경공단,공기업(준시장형),https://www.koem.or.kr/,https://www.koem.or.kr/site/koem/ex/board/List.do?cbIdx=236,CANDIDATE_NOT_VERIFIED,게시판 후보는 있으나 실제 게시판 검증 실패,0,0,0,0,0,0,0,0,8,0,,예,2026-09-28T17:33:04.930822+09:00,아니오,아니오,,CANDIDATE_NOT_VERIFIED,,,
