제목,URL,제외사유
공지사항 게시판읽기 ( [ 스타벅스 기프티콘 증정 ] 2026년 학생성공역량 및 학습경험 설문조사 안내 ( ~ 10 / 7 ...,https://www.skku.edu/skku/campus/skk_comm/notice01.do?mode=view&articleNo=139863&article.offset=0&articleLimit=10,사용자 제외유형(FGI/좌담회/공모전/채용 등)
[대학생 대상 설문모집] 설문조사 참여하고 100% 기프티콘 받아가세요! 10분이내 소요 - 링커리어 커뮤니티,https://community.linkareer.com/jayuu/3214044,사용자 제외유형(FGI/좌담회/공모전/채용 등)
원주시 설문조사 플랫폼,https://www.wonju.go.kr/survey/survey_list,정보성/후기/가이드 제목
구직급여 받아보신 분들 설문조사 하시고 상품권 받아가세요!,https://community.linkareer.com/employed/6468520,사용자 제외유형(FGI/좌담회/공모전/채용 등)
관악구청 | 관악소리 만족도 조사하고 서울사랑상품권 받아가세요! 관...,https://www.instagram.com/p/Ddh22EXj45X/,모집 근거 부족
디지털 온누리 상품권 2026 국민 체험단 모집 안내 : 네이버 블로그,https://blog.naver.com/hhlothy/224325787528,오래된 자료
"[서울시] 청년 AI 사다리 설문조사 참여하고, 모바일 상품권 받아가세...",https://blog.naver.com/toktokseoul/224393390060,오래된 자료
FIRA - 한국수산자원공단 - 한국수산자원공단 인지도 및 인식조사 이...,https://www.facebook.com/hifira/posts/한국수산자원공단-인지도-및-인식조사-이벤트-여러분의-소중한-의견을-들려주세요설문조사에-참여해-주신-분들-중-추첨을-통해-소소한-선물을-드립니다-/1620695823186886/,오래된 자료
[참여자 전원 커피 쿠폰 지급] 앱 베타테스터 모집 중! - 설문조사 마...,https://gall.dcinside.com/mgallery/board/view/?id=survey&no=284&page=1,사용자 제외유형(FGI/좌담회/공모전/채용 등)
블라인드 | 직접 홍보: [설문조사 하고 커피쿠폰 받자!] 우울증 치료 ...,https://www.teamblind.com/kr/post/[설문조사-하고-커피쿠폰-받자]-우울증-치료-어플리케이션-연구참여자-모집-공고-yU6CWsuQ,사용자 제외유형(FGI/좌담회/공모전/채용 등)
(~11.12) ️ 화성시 서해안 지역 활성화를 위한 시민 대상 설문조사 (...,https://blog.naver.com/hcfart/224050144508,모집 근거 부족
2025년 서울시 데이터 분석활용 역량진단 설문조사 참여자 커피쿠폰 ...,https://opengov.seoul.go.kr/sanction/34246261,오래된 자료
[한국농수산식품유통공사 (aT)] 가치체계 진단을 위한 설문조사 > ...,https://www.suto.co.kr/cpevent/644421,모집 근거 부족
"온라인에서 설문조사, 인터뷰 참여자를 모집할 수 있는 방법과 채널 ...",https://pickply.com/blog/online-survey-participant-recruitment-methods,정보성/후기/가이드 제목
"설문 참여자 모집 서비스 - 크몽Panel - 엠브레인 패널파워기업, 논문 설문조사 대행 업체온라인 설문조사/서베이 툴 소개 1편! - 구글 설문지/구글 폼 (Google...네이버 폼",https://kmong.com/gig/431188,사용자 제외유형(FGI/좌담회/공모전/채용 등)
"기업, 논문 설문조사 대행 업체",https://growthhelper.kr/,사용자 제외유형(FGI/좌담회/공모전/채용 등)
온라인 설문조사/서베이 툴 소개 1편! - 구글 설문지/구글 폼 (Google...,https://pickply.com/blog/google-forms-naver-forms-survey-tools-introduction,정보성/후기/가이드 제목
Panel - 엠브레인 패널파워,https://www.panel.co.kr/,사용자 제외유형(FGI/좌담회/공모전/채용 등)
설문조사로 기프티콘 받는 방법,https://info.gmplaces.co.kr/생활정보/설문조사로-기프티콘-받는-방법/,정보성/후기/가이드 제목
5분에 끝내는 설문 조사 기프티콘 구매 방법 (할인 & 대량 구매),https://jbescape.com/설문-조사-기프티콘/,정보성/후기/가이드 제목
"현금/기프티콘 교환이 가능한, 직접 해보고 추천하는 설문조사 아르바...",https://m.blog.naver.com/kuber21love/222407790294,사용자 제외유형(FGI/좌담회/공모전/채용 등)
설문조사 기프티콘 지급해도 될까? 세금부터 대량 발송까지 실무 가이...,https://blog.naver.com/sendbeecokr/224373927772,모집 근거 부족
"#4 설문조사 응답자 추첨 및 기프티콘 발송 (유니피커, 센드비) - 그...",https://blog.naver.com/PostView.nhn?blogId=bluetr2e&logNo=222880883590,사용자 제외유형(FGI/좌담회/공모전/채용 등)
온라인 유료 설문조사 : 의견을 공유하세요 | Surveoo,https://www.surveoo.com/ko/,사용자 제외유형(FGI/좌담회/공모전/채용 등)
"광주시, 소통플랫폼 ‘광주온’ 및 설문‧시민참여수당 ‘워크온’ 참여하...",http://www.newsfocus.kr/news/articleView.html?idxno=11231,사용자 제외유형(FGI/좌담회/공모전/채용 등)
2026년 국민참여단 모집 - 국세청,https://www.nts.go.kr/nts/gm/2026/mrfnpartcptn/mrfn_partcptn.do,모집 근거 부족
대외활동 > - 콘테스트코리아,https://www.contestkorea.com/sub/view.php?str_no=202503050023,사용자 제외유형(FGI/좌담회/공모전/채용 등)
"공무원 설문조사 참여 수당지급 관련 질문입니다. | 궁금할 땐, 아하!",https://www.a-ha.io/questions/4bc2668af25f698e8f68975e45f278d8,오래된 자료
(한국장애인개발원) 장애인 맞춤형 소방안전체험시설 및 프로그램 설...,https://www.scribd.com/document/794105444/한국장애인개발원-장애인-맞춤형-소방안전체험시설-및-프로그램-설계-적용방안-설문조사-참여-안내,참여/보상 신호 부족
청년사회진입활동지원시스템 - Daegu,https://youthdream.daegu.go.kr/support/introduce/02,사용자 제외유형(FGI/좌담회/공모전/채용 등)
Hi all. Hankook Research is looking for partipants for a paid ...,https://www.facebook.com/groups/313875475342938/posts/7223691874361229/,오래된 자료
[KS] 제18회 규장각 국제심포지엄 모집 | 18th Kyujanggak ...,https://koreanstudies.com/pipermail/koreanstudies_koreanstudies.com/2025-June/000002.html,오래된 자료
행동경제학과 실험경제학: 개관 | PDF,https://www.slideshare.net/slideshow/ss-132493225/132493225,모집 근거 부족
UCL 석사•박사•포닥 한인회 (@uclpks) - Instagram,https://www.instagram.com/uclpks/,모집 근거 부족
Apply via: https://icks.snu.ac.kr (Online Application - Facebook,https://www.facebook.com/UPKRC/posts/the-international-center-for-korean-studies-at-kyujanggak-seoul-national-univers/1162491262345019/,모집 근거 부족
신생아~대형사용아가 패널모집 [GS모바일 상품권 2만원 지급] - 신규...,https://m.cafe.daum.net/researchi/LRuK/25628,사용자 제외유형(FGI/좌담회/공모전/채용 등)
‼☕스타벅스 18만원 상품권 지급 [오이 감각평가 패널 모집] ‼,https://www.bagstrap.team/community/post/wpnpwpjjkf,사용자 제외유형(FGI/좌담회/공모전/채용 등)
[비대면] 온라인·모바일 게임 유저 온라인 패널 모집-만18~30세 남녀[...,http://researchi.co.kr/additional/27955,오래된 자료
[비대면] 온라인·모바일 게임 유저 온라인 패널 모집-만18~30세 남녀[...,http://researchi.co.kr/newjob/27354,오래된 자료
[비대면] 온라인·모바일 게임 유저 온라인 패널 모집-만18~30세 남녀 ...,https://m.cafe.daum.net/researchi/LRuK/30217,사용자 제외유형(FGI/좌담회/공모전/채용 등)
동아일보 인터뷰 참여자 모집 : 두더지땅굴 - 공지사항,https://dudug.kr/notice/?bmode=view&idx=174914051,사용자 제외유형(FGI/좌담회/공모전/채용 등)
[동작구 주민 인터뷰 (FGI) 참여자 모집 / 사례비 지급] | 사당제3동 ...,https://www.daangn.com/kr/community/동작구-주민-인터뷰-fgi-참여자-모집-사례비-지급-3bj33kzr3mag/,사용자 제외유형(FGI/좌담회/공모전/채용 등)
[30분 온라인 인터뷰 / 10만원] 종합병원급 사회사업팀 운영 관련 전...,https://www.careerday.jobs/recruitments/b07eeb90-3845-402c-9768-478c627c031d,오래된 자료
"플랫폼 노동자 인터뷰 참여자를 모집합니다 *사례비 O - 숨고, 숨은고...",https://soomgo.com/community/soomgo-life/posts/6a70a037e4331966bf381046-플랫폼-노동자-인터뷰-참여자를-모집합니다--사례비-O,정보성/후기/가이드 제목
[인터뷰 참여자 모집] Replika AI 사용자 대상 졸업논문 연구 (사례비...,https://community.linkareer.com/employed/5530299,사용자 제외유형(FGI/좌담회/공모전/채용 등)
[연구 인터뷰이 모집 / 1시간 5만원 사례비] 청년월세지원제도 관련 ...,https://www.bagstrap.team/community/post/inmmjrhjnr,사용자 제외유형(FGI/좌담회/공모전/채용 등)
[3만원 상품권/온라인 인터뷰 참여자 모집] 아동용 ar/vr 놀이 서비스...,https://gradmeet.co.kr/post/0Q3PM504X67V2,모집기간/마감일이 과거
비대면 인터뷰 참여자 모집 - 2만원 상품권 제공 | 산본동 | 당근 동...,https://www.daangn.com/kr/community/비대면-인터뷰-참여자-모집-2만원-상품권-제공-w5tapsusn87j/,사용자 제외유형(FGI/좌담회/공모전/채용 등)
[10월] 인터뷰 참여자 모집 | 대학생 이벤트 영화관람권 2매 증정 (파...,https://blog.naver.com/pagoda_official/224427200117,참여/보상 신호 부족
[참여자 1만원 상품권 지급] 인터뷰 참여자 모집,https://a-app.co.kr/방명록-2-2/?board_name=aapp_board&order_by=fn_hit&order_type=asc&board_gid=180&vid=18632,오래된 자료
청년Hy-Five/Po - 안녕하세요 청년 하이포입니다 :D 어느덧 청년 하이...,https://www.facebook.com/skhynixnanum/photos/안녕하세요-청년-하이포입니다-d어느덧-청년-하이포의-교육과정도-2주가량-남겨놓고-있네요-하이포를-시작하기-전-각자-다짐했던-목표는-잘-이루고-계/1031404768984736/,모집 근거 부족
[모집 완료] 코레일톡 모바일 앱 사용성 테스트 참여자 모집 (사례비 ...,https://www.wedesignx.com/portfolio/korailtalk-usability-test-recruitment,정보성/후기/가이드 제목
[모요] 사례비 3만원 / 서비스 사용성 테스트 참가자를 모집합니다. -...,https://www.ppomppu.co.kr/zboard/view.php?id=experience&no=10337,사용자 제외유형(FGI/좌담회/공모전/채용 등)
- 5강. 사용성 테스트,https://velog.io/@youngbird/개인-프로젝트-7-9일차-사용성-테스트,모집 근거 부족
위디엑스 we design experience. 사용자 경험 컨설턴시 & 디자인 에이...,https://www.wedesignx.com/,사용자 제외유형(FGI/좌담회/공모전/채용 등)
위디엑스 UX/UI 디자인 컨설팅 에이전시 | 선착순 모집] 대한민국 1...,https://www.instagram.com/p/DZYqQkVE8f_/,정보성/후기/가이드 제목
"사용성 테스트 (Usability Test) 뜻, 예시, 참가자 모집 방법 : 네이...",https://blog.naver.com/academy_mulmit/223912920687,사용자 제외유형(FGI/좌담회/공모전/채용 등)
2026년 서울AI스마트시티센터 AI솔루션 사용성 테스트 지원사업 참여...,https://saif.or.kr/comm/getFile?srvcId=BBSTY1&upperNo=3036&fileTy=ATTACH&fileNo=4&board=5,모집 근거 부족
2026년 디지털 제품 기능(사용성)테스트 지원 기업 모집 공고 | 모두...,https://modogrant.co.kr/subvention/detail/25424,모집 근거 부족
[서울AI재단] 2026년 서울AI스마트시티센터 AI솔루션 사용성 테스트 ...,https://startup.snu.ac.kr/bbs/board.php?bo_table=sub5_2&wr_id=226,모집기간/마감일이 과거
[에니아이] | 알파그릴 조리로봇 사용성 테스트 참가자 모집 (40대만 ...,https://www.albamon.com/jobs/detail/118770486?sc=508,사용자 제외유형(FGI/좌담회/공모전/채용 등)
블라블라: [인터뷰] 맛집서비스 테스트 및 인터뷰 참여자모집 (강남/...,https://www.teamblind.com/kr/post/[인터뷰]-맛집서비스-테스트-및-인터뷰-참여자모집-강남역삼-o7EdKZwo,사용자 제외유형(FGI/좌담회/공모전/채용 등)
학술 논문 플랫폼 DBpia 서비스 테스터 모집 | 공모전 대외활동-링커...,https://linkareer.com/activity/194135,사용자 제외유형(FGI/좌담회/공모전/채용 등)
[멈블] 오픈 베타테스터 모집 | 공모전 대외활동-링커리어,https://linkareer.com/activity/257741,사용자 제외유형(FGI/좌담회/공모전/채용 등)
《소식 공유》Gaming Hub Lab 베타테스터 모집! 신청방법은? - Samsun...,https://r1.community.samsung.com/t5/gaming-hub/소식-공유-gaming-hub-lab-베타테스터-모집-신청방법은/td-p/37995774,정보성/후기/가이드 제목
[모집] 지렁이 구조단 꿈틀단 베타테스터 : 네이버 블로그,https://m.blog.naver.com/seoulkfem/223916380665,오래된 자료
Turnkey X 베타 테스트 1기 모집 | 공모전 대외활동-링커리어,https://linkareer.com/activity/264048,사용자 제외유형(FGI/좌담회/공모전/채용 등)
「베타 테스트」모집 오픈! | aniimo,https://www.aniimo.com/ko/newslist/detail/100030,모집기간/마감일이 과거
2025 화학물질안전원 국민모니터단 2기 모집 | 공모전 대외활동-링커...,https://linkareer.com/activity/232695,사용자 제외유형(FGI/좌담회/공모전/채용 등)
"교육부, 2025년 학부모정책 모니터단 모집 4.7~26 : 네이버 블로그",https://blog.naver.com/crojw21/223824962967,오래된 자료
2026년 교육부 학부모정책 모니터단 모집 안내 : 네이버 블로그,https://blog.naver.com/icehongbo/224234523246,오래된 자료
2025년 통계청 통계정보서비스 모니터단 및 서포터즈 모집,https://linkareer.com/activity/223527,사용자 제외유형(FGI/좌담회/공모전/채용 등)
"[약업신문]건보공단, ‘제12기 건강보험모니터단’ 모집…국민 참여로 제...",https://www.yakup.com/news/?mode=view&cat=11&cat3=0&nid=318548,모집 근거 부족
시민참여 프로그램 - <2026년 하반기 부산미래유산 「부산다움」 ...,https://www.busan.go.kr/futureheritage/simin02/1749245,모집 근거 부족
시민참여 프로그램 - <2026년 상반기 부산미래유산 「부산다움」 ...,https://www.busan.go.kr/futureheritage/simin02/1731566,모집 근거 부족
2026 한국석유관리원 시민참여혁신단 모집 | 공모전 대외활동-링커리...,https://linkareer.com/activity/348024,사용자 제외유형(FGI/좌담회/공모전/채용 등)
2026 부산항만공사 시민참여혁신단 모집 | 공모전 대외활동-링커리어,https://linkareer.com/activity/348229,사용자 제외유형(FGI/좌담회/공모전/채용 등)
2026 부산항만공사 시민참여혁신단 모집 | 요즘것들,https://www.allforyoung.com/posts/87205,사용자 제외유형(FGI/좌담회/공모전/채용 등)
공모전 대한민국 대표 미디어 씽굿 Thinkgood,https://www.thinkcontest.com/,사용자 제외유형(FGI/좌담회/공모전/채용 등)
한국언론진흥재단 | [2026 정부광고 아이디어 공모전] 개최!(~9.21) ...,https://www.instagram.com/p/DbKeqrVIB3W/,사용자 제외유형(FGI/좌담회/공모전/채용 등)
콘테스트코리아 ㅣ 대회•공모전 정보 ㅣ LET’S GO FOR IT. | . 자원봉사...,https://www.instagram.com/p/DcS2ZYFEjtO/,사용자 제외유형(FGI/좌담회/공모전/채용 등)
모두의 국민통합,https://cohesion.or.kr/,사용자 제외유형(FGI/좌담회/공모전/채용 등)
붙임 1 노사발전재단 AI 활용 캐릭터 공모전 모집 요강,https://sotong.go.kr/commonfile/downloadEpilogueAtchmnfl.do?atchmnfl_id=7b7a1f95aa60400c894be42226566c13,사용자 제외유형(FGI/좌담회/공모전/채용 등)
렛츠런파크 - 한국마사회 국민 참여 혁신단을 모집합니다! (대학생 대...,https://www.facebook.com/letsrunpark/photos/한국마사회-국민-참여-혁신단을-모집합니다대학생-대외활동-추천-공기업-취준생-주목️모집대상-sns활동에-관심이-많은-2040대-누구나️활동기간-2/6277166662403257/,오래된 자료
(이벤트) 서울 '공공데이터 챗봇'에 물어보고 의견을 남겨주세요,https://news.seoul.go.kr/gov/archives/580729,사용자 제외유형(FGI/좌담회/공모전/채용 등)
[청소년특별회의] 정책발굴 자료조사 설문이벤트 > 이벤트응모 - ...,https://www.suto.co.kr/cpevent/649475,오래된 자료
청소년특별회의 | 정책발굴 자료조사 설문이벤트 (~8.24.수) 제22회 ...,https://www.instagram.com/p/DcTgL_lk7kX/,오래된 자료
청소년특별회의 - Facebook대한민국 - #설문이벤트 소상공인 등의 영업부담 완화를 위한 좋은 개...기획행정소식 < 행정 | 서울특별시,https://www.facebook.com/withyouth/,모집 근거 부족
기획행정소식 < 행정 | 서울특별시,https://news.seoul.go.kr/gov/archives/category/admin-news_c1/news_admin-news-n1,사용자 제외유형(FGI/좌담회/공모전/채용 등)
2025년 공공데이터 활용 대국민 설문조사 (기프티콘 추첨 이벤트!) : ...,https://m.blog.naver.com/geps_hongbo/223842787046,모집 근거 부족
부산 북구 청년 정책 설문 조사 - 5천원 상당 기프티콘 마감임박 : 네...,https://m.blog.naver.com/mcw02150/223597234110,사용자 제외유형(FGI/좌담회/공모전/채용 등)
"국토교통부, 정기적인 정책 설문참여 추첨으로 기프티콘",https://www.keyzard.cc/kyoyo21/nb/222169975526,모집 근거 부족
아산시 인구정책 설문조사 이벤트 기프티콘 추첨 : 네이버 블로그,https://blog.naver.com/c4clubhd3/223313450165,모집 근거 부족
여성과학기술인 정책 설문조사 (기프티콘 등 )전원~10.02 : 네이버 블...,https://blog.naver.com/marketzone/224016786700,모집 근거 부족
[전원 ️] 여성과학기술인 정책 설문조사 기프티콘제공 (~10/2) : 네이...,https://blog.naver.com/moxxsoul/224016782106,모집 근거 부족
[EVENT] 행정공제회 SNS 만족도 조사 이벤트 - 여러분의 의견을 들려...,https://m.blog.naver.com/pobain/224330258096,오래된 자료
[건설근로자공제회] 복지서비스 만족도조사 이벤트 - 슈퍼투데이,https://www.suto.co.kr/cpevent/653599,모집 근거 부족
[한국양성평등교육진흥원] 2026 상반기 젠더온 만족도 조사 EVENT - ...,https://ssalmuk.com/community/CATE_community225/detail?code=B26082075,모집기간/마감일이 과거
설문조사 만족도조사 이벤트참여 방법 및 경품 안내 배너 디자인 제작...,https://blog.naver.com/life_record_raw/223510147401,정보성/후기/가이드 제목
만족도 조사 > 정보 > 정보 > 새만금개발청,https://saemangeum.go.kr/sda/qustn/form.do?key=2012055223628,모집 근거 부족
생성형 AI 관련 조사-만 18~65세 남녀 8월 둘째 주 [사례비 추후 안내...,https://researchi.co.kr/newjob/26815,정보성/후기/가이드 제목
소비자 조사 패널 모집 (2시간 인터뷰에 10만원 사례비 제공) | 보배...,https://www.bobaedream.co.kr/view?code=freeb&No=1564531,사용자 제외유형(FGI/좌담회/공모전/채용 등)
매신저 앱 사용자 조사-만 18~45세 남녀 8월 둘째 주 [사례비 추후 안...,https://researchi.co.kr/newjob/27029,정보성/후기/가이드 제목
엠브레인 패널파워 음료 맛테스트 후기｜1시간 30분 참여하고 사례비 ...,https://blog.naver.com/eternallov_/224361300278,정보성/후기/가이드 제목
국세청 - 시장조사용역업을 영위하는 법인의 시장조사비용의 접대비 ...,https://casenote.kr/국세청/법인22601-368-06320a,모집 근거 부족
정보공유 : 네이버 블로그,https://blog.naver.com/kimyoonhy7/223486468098,사용자 제외유형(FGI/좌담회/공모전/채용 등)
2025년 상반기 소비자 패널 9기 | 공모전 대외활동-링커리어,https://linkareer.com/activity/218526,사용자 제외유형(FGI/좌담회/공모전/채용 등)
2026 오리온 소비자 패널 모집 (~12/28) | 공모전 대외활동-링커리어,https://linkareer.com/activity/289909,사용자 제외유형(FGI/좌담회/공모전/채용 등)
2025 오리온 소비자 패널 모집 : 네이버 블로그,https://blog.naver.com/orionblog/223691135385,오래된 자료
"[아워홈] 2025년 소비자 패널 (오센 패널) 모집, 건당 40,000원",https://jobs.daangn.com/job-posts/아워홈-2025년-소비자-패널-오센-패널-모집-j1yhpywgdk4d,사용자 제외유형(FGI/좌담회/공모전/채용 등)
2025년 샘표 소비자 패널 모집 - 네이버 블로그,https://m.blog.naver.com/sempiostory/223687493750,사용자 제외유형(FGI/좌담회/공모전/채용 등)
"[아워홈] 2026년 소비자 패널 (오센 패널) 모집, 건당 40,000원",https://jobs.daangn.com/job-posts/아워홈-2026년-소비자-패널-오센-패널-모집-vmgeo363vwyx,사용자 제외유형(FGI/좌담회/공모전/채용 등)
연구 참여자 모집이 늦어질 때: 공고·채널·사례비 변경 전 심의 판단...,https://researchandailab.com/research-participant-recruitment-irb-change-review/,사용자 제외유형(FGI/좌담회/공모전/채용 등)
미용·에스테틱 좌담회-만20~60세 남녀 9/2[사례비 추후안내] - 신규일...,http://researchi.co.kr/newjob/27160,사용자 제외유형(FGI/좌담회/공모전/채용 등)
검색엔진 관련 조사–만 18~45세 남녀 1월 5째주 예정 [사례비 안내] -...,https://researchi.co.kr/newjob/22999,정보성/후기/가이드 제목
초코 시리얼 맛테스트 참여자 모집 - 좌담회꿀알바,https://fgdalba.com/초코-시리얼-맛테스트-참여자-모집/,사용자 제외유형(FGI/좌담회/공모전/채용 등)
[만40~54세 남녀]건강기능식품 관련 좌담회 참여자 모집! [사례비 5만...,https://m.cafe.daum.net/researchi/LvrS/201,사용자 제외유형(FGI/좌담회/공모전/채용 등)
